timestamp,user_id,action_type,record_type,role,record_id,comments,new_value
2025-10-01 03:15:17,analyst_a,UPDATE,RESULTS,Analyst,RES-78756,Standard entry per SOP-01,7.3
2025-10-01 04:31:49,analyst_a,UPDATE,RESULTS,Analyst,RES-11571,Standard entry per SOP-01,7.13
2025-10-01 06:07:31,analyst_e,UPDATE,RESULTS,Analyst,RES-44007,Standard entry per SOP-01,7.0
2025-10-01 06:23:07,analyst_c,UPDATE,RESULTS,Analyst,RES-70602,Standard entry per SOP-01,7.46
2025-10-01 06:23:29,analyst_c,UPDATE,RESULTS,Analyst,RES-15148,Standard entry per SOP-01,6.98
2025-10-01 07:31:16,analyst_e,UPDATE,RESULTS,Analyst,RES-95112,Standard entry per SOP-01,6.57
2025-10-01 11:23:06,analyst_e,UPDATE,RESULTS,Analyst,RES-54404,Standard entry per SOP-01,7.08
2025-10-01 13:17:21,analyst_a,UPDATE,RESULTS,Analyst,RES-96003,Standard entry per SOP-01,7.08
2025-10-01 14:17:01,analyst_e,UPDATE,RESULTS,Analyst,RES-82296,Standard entry per SOP-01,7.42
2025-10-01 15:10:36,analyst_c,UPDATE,RESULTS,Analyst,RES-73175,Standard entry per SOP-01,7.21
2025-10-01 20:17:37,analyst_d,UPDATE,RESULTS,Analyst,RES-84488,Standard entry per SOP-01,7.03
2025-10-02 00:59:19,analyst_c,UPDATE,RESULTS,Analyst,RES-67781,Standard entry per SOP-01,6.56
2025-10-02 05:22:35,analyst_a,UPDATE,RESULTS,Analyst,RES-93960,Standard entry per SOP-01,7.42
2025-10-02 05:24:14,analyst_a,UPDATE,RESULTS,Analyst,RES-59107,Standard entry per SOP-01,7.36
2025-10-02 09:44:49,analyst_e,UPDATE,RESULTS,Analyst,RES-37834,Standard entry per SOP-01,7.24
2025-10-02 09:46:20,analyst_b,UPDATE,RESULTS,Analyst,RES-17032,Standard entry per SOP-01,7.14
2025-10-02 12:31:03,analyst_a,UPDATE,RESULTS,Analyst,RES-75808,Standard entry per SOP-01,6.96
2025-10-02 12:58:39,analyst_d,UPDATE,RESULTS,Analyst,RES-50879,Standard entry per SOP-01,7.22
2025-10-02 13:04:07,analyst_c,UPDATE,RESULTS,Analyst,RES-10858,Standard entry per SOP-01,7.44
2025-10-02 18:20:02,analyst_b,UPDATE,RESULTS,Analyst,RES-22803,Standard entry per SOP-01,7.16
2025-10-02 19:36:11,analyst_b,UPDATE,RESULTS,Analyst,RES-64720,Standard entry per SOP-01,6.8
2025-10-02 22:10:47,analyst_a,UPDATE,RESULTS,Analyst,RES-24220,Standard entry per SOP-01,7.42
2025-10-03 00:00:04,analyst_c,UPDATE,RESULTS,Analyst,RES-34603,Standard entry per SOP-01,7.14
2025-10-03 00:13:44,analyst_e,UPDATE,RESULTS,Analyst,RES-23195,Standard entry per SOP-01,6.64
2025-10-03 03:35:17,analyst_c,UPDATE,RESULTS,Analyst,RES-13192,Standard entry per SOP-01,6.97
2025-10-03 05:57:26,analyst_c,UPDATE,RESULTS,Analyst,RES-98304,Standard entry per SOP-01,6.51
2025-10-03 08:57:26,analyst_b,UPDATE,RESULTS,Analyst,RES-44733,Standard entry per SOP-01,6.77
2025-10-03 13:29:31,analyst_e,UPDATE,RESULTS,Analyst,RES-38872,Standard entry per SOP-01,6.94
2025-10-03 13:42:51,analyst_d,UPDATE,RESULTS,Analyst,RES-87979,Standard entry per SOP-01,7.13
2025-10-03 16:00:23,analyst_d,UPDATE,RESULTS,Analyst,RES-52251,Standard entry per SOP-01,7.3
2025-10-03 16:47:08,analyst_a,UPDATE,RESULTS,Analyst,RES-60535,Standard entry per SOP-01,6.72
2025-10-03 17:04:52,analyst_e,UPDATE,RESULTS,Analyst,RES-88926,Standard entry per SOP-01,7.21
2025-10-03 17:38:38,analyst_d,UPDATE,RESULTS,Analyst,RES-68929,Standard entry per SOP-01,6.7
2025-10-03 19:32:44,analyst_a,UPDATE,RESULTS,Analyst,RES-73430,Standard entry per SOP-01,6.54
2025-10-03 19:55:13,analyst_d,UPDATE,RESULTS,Analyst,RES-42017,Standard entry per SOP-01,6.63
2025-10-03 20:40:14,analyst_b,UPDATE,RESULTS,Analyst,RES-49695,Standard entry per SOP-01,6.54
2025-10-04 00:53:45,analyst_a,UPDATE,RESULTS,Analyst,RES-69707,Standard entry per SOP-01,7.28
2025-10-04 01:08:11,analyst_a,UPDATE,RESULTS,Analyst,RES-46408,Standard entry per SOP-01,7.23
2025-10-04 02:55:31,analyst_c,UPDATE,RESULTS,Analyst,RES-46167,Standard entry per SOP-01,6.77
2025-10-04 04:44:58,analyst_a,UPDATE,RESULTS,Analyst,RES-98304,Standard entry per SOP-01,7.17
2025-10-04 04:54:24,analyst_b,UPDATE,RESULTS,Analyst,RES-22568,Standard entry per SOP-01,7.29
2025-10-04 06:05:21,analyst_d,UPDATE,RESULTS,Analyst,RES-82864,Standard entry per SOP-01,7.39
2025-10-04 13:29:06,analyst_d,UPDATE,RESULTS,Analyst,RES-91065,Standard entry per SOP-01,6.9
2025-10-04 16:05:11,analyst_b,UPDATE,RESULTS,Analyst,RES-40746,Standard entry per SOP-01,6.71
2025-10-04 21:19:24,analyst_b,UPDATE,RESULTS,Analyst,RES-92100,Standard entry per SOP-01,7.13
2025-10-04 21:59:35,analyst_c,UPDATE,RESULTS,Analyst,RES-76838,Standard entry per SOP-01,6.73
2025-10-05 05:06:02,analyst_d,UPDATE,RESULTS,Analyst,RES-57346,Standard entry per SOP-01,6.57
2025-10-05 07:46:04,analyst_b,UPDATE,RESULTS,Analyst,RES-18876,Standard entry per SOP-01,7.0
2025-10-05 08:49:17,analyst_a,UPDATE,RESULTS,Analyst,RES-48565,Standard entry per SOP-01,7.34
2025-10-05 09:01:46,analyst_c,UPDATE,RESULTS,Analyst,RES-19186,Standard entry per SOP-01,6.78
2025-10-05 11:07:28,analyst_c,UPDATE,RESULTS,Analyst,RES-23124,Standard entry per SOP-01,7.44
2025-10-05 13:38:03,analyst_e,UPDATE,RESULTS,Analyst,RES-80809,Standard entry per SOP-01,6.73
2025-10-05 16:18:27,analyst_d,UPDATE,RESULTS,Analyst,RES-77266,Standard entry per SOP-01,6.9
2025-10-06 00:24:10,analyst_b,UPDATE,RESULTS,Analyst,RES-99700,Standard entry per SOP-01,7.19
2025-10-06 02:56:06,analyst_a,UPDATE,RESULTS,Analyst,RES-57248,Standard entry per SOP-01,7.37
2025-10-06 07:05:37,analyst_d,UPDATE,RESULTS,Analyst,RES-93215,Standard entry per SOP-01,6.57
2025-10-06 09:34:48,analyst_b,UPDATE,RESULTS,Analyst,RES-21660,Standard entry per SOP-01,7.04
2025-10-06 11:42:11,analyst_a,UPDATE,RESULTS,Analyst,RES-63872,Standard entry per SOP-01,6.92
2025-10-06 12:05:25,analyst_d,UPDATE,RESULTS,Analyst,RES-10396,Standard entry per SOP-01,7.39
2025-10-06 12:55:45,analyst_c,UPDATE,RESULTS,Analyst,RES-39829,Standard entry per SOP-01,7.01
2025-10-06 15:26:54,analyst_e,UPDATE,RESULTS,Analyst,RES-51000,Standard entry per SOP-01,7.36
2025-10-06 17:07:49,analyst_e,UPDATE,RESULTS,Analyst,RES-44370,Standard entry per SOP-01,7.26
2025-10-06 18:13:21,analyst_e,UPDATE,RESULTS,Analyst,RES-56309,Standard entry per SOP-01,7.14
2025-10-06 18:44:55,analyst_c,UPDATE,RESULTS,Analyst,RES-33288,Standard entry per SOP-01,7.24
2025-10-06 20:50:35,analyst_a,UPDATE,RESULTS,Analyst,RES-12050,Standard entry per SOP-01,6.8
2025-10-06 21:52:22,analyst_e,UPDATE,RESULTS,Analyst,RES-55749,Standard entry per SOP-01,7.48
2025-10-06 22:30:07,analyst_d,UPDATE,RESULTS,Analyst,RES-51429,Standard entry per SOP-01,7.31
2025-10-06 23:29:47,analyst_d,UPDATE,RESULTS,Analyst,RES-43314,Standard entry per SOP-01,6.93
2025-10-06 23:37:22,analyst_e,UPDATE,RESULTS,Analyst,RES-51241,Standard entry per SOP-01,7.38
2025-10-06 23:46:46,analyst_d,UPDATE,RESULTS,Analyst,RES-72777,Standard entry per SOP-01,6.64
2025-10-07 00:31:27,analyst_c,UPDATE,RESULTS,Analyst,RES-85133,Standard entry per SOP-01,7.12
2025-10-07 00:36:27,analyst_e,UPDATE,RESULTS,Analyst,RES-54632,Standard entry per SOP-01,7.33
2025-10-07 03:17:31,analyst_b,UPDATE,RESULTS,Analyst,RES-43504,Standard entry per SOP-01,6.53
2025-10-07 12:41:16,analyst_d,UPDATE,RESULTS,Analyst,RES-16417,Standard entry per SOP-01,6.55
2025-10-07 14:34:12,analyst_a,UPDATE,RESULTS,Analyst,RES-32778,Standard entry per SOP-01,6.8
2025-10-07 15:06:40,analyst_c,UPDATE,RESULTS,Analyst,RES-56723,Standard entry per SOP-01,6.98
2025-10-07 16:43:16,analyst_c,UPDATE,RESULTS,Analyst,RES-17716,Standard entry per SOP-01,7.43
2025-10-07 20:43:33,analyst_b,UPDATE,RESULTS,Analyst,RES-81674,Standard entry per SOP-01,7.43
2025-10-08 02:05:34,analyst_e,UPDATE,RESULTS,Analyst,RES-88189,Standard entry per SOP-01,6.54
2025-10-08 04:48:53,analyst_b,UPDATE,RESULTS,Analyst,RES-97728,Standard entry per SOP-01,6.8
2025-10-08 06:51:10,analyst_a,UPDATE,RESULTS,Analyst,RES-68827,Standard entry per SOP-01,7.15
2025-10-08 09:16:43,analyst_e,UPDATE,RESULTS,Analyst,RES-40596,Standard entry per SOP-01,6.64
2025-10-08 10:09:24,analyst_b,UPDATE,RESULTS,Analyst,RES-37929,Standard entry per SOP-01,7.11
2025-10-08 10:51:08,analyst_e,UPDATE,RESULTS,Analyst,RES-88631,Standard entry per SOP-01,7.39
2025-10-08 11:24:13,analyst_a,UPDATE,RESULTS,Analyst,RES-67867,Standard entry per SOP-01,7.08
2025-10-08 12:32:16,analyst_b,UPDATE,RESULTS,Analyst,RES-73791,Standard entry per SOP-01,6.66
2025-10-08 16:51:56,analyst_c,UPDATE,RESULTS,Analyst,RES-72653,Standard entry per SOP-01,7.21
2025-10-08 16:53:12,analyst_d,UPDATE,RESULTS,Analyst,RES-50484,Standard entry per SOP-01,7.39
2025-10-08 17:21:49,analyst_b,UPDATE,RESULTS,Analyst,RES-73574,Standard entry per SOP-01,6.55
2025-10-08 19:59:00,analyst_d,UPDATE,RESULTS,Analyst,RES-17453,Standard entry per SOP-01,6.52
2025-10-08 21:05:37,analyst_e,UPDATE,RESULTS,Analyst,RES-51444,Standard entry per SOP-01,6.75
2025-10-09 00:07:05,analyst_d,UPDATE,RESULTS,Analyst,RES-41242,Standard entry per SOP-01,7.0
2025-10-09 00:42:51,analyst_d,UPDATE,RESULTS,Analyst,RES-94513,Standard entry per SOP-01,6.96
2025-10-09 02:14:34,analyst_d,UPDATE,RESULTS,Analyst,RES-42259,Standard entry per SOP-01,7.17
2025-10-09 02:25:55,analyst_d,UPDATE,RESULTS,Analyst,RES-68449,Standard entry per SOP-01,7.01
2025-10-09 03:47:29,analyst_e,UPDATE,RESULTS,Analyst,RES-85203,Standard entry per SOP-01,6.72
2025-10-09 03:51:25,analyst_a,UPDATE,RESULTS,Analyst,RES-23795,Standard entry per SOP-01,6.97
2025-10-09 03:56:44,analyst_b,UPDATE,RESULTS,Analyst,RES-77270,Standard entry per SOP-01,7.46
2025-10-09 04:22:36,analyst_a,UPDATE,RESULTS,Analyst,RES-65236,Standard entry per SOP-01,7.44
2025-10-09 06:15:56,analyst_d,UPDATE,RESULTS,Analyst,RES-59515,Standard entry per SOP-01,7.29
2025-10-09 08:29:41,analyst_a,UPDATE,RESULTS,Analyst,RES-61811,Standard entry per SOP-01,7.15
2025-10-09 09:26:17,analyst_brown,UPDATE,RESULTS,Analyst,RES-6829,ok,7.0
2025-10-09 09:58:24,analyst_b,UPDATE,RESULTS,Analyst,RES-97453,Standard entry per SOP-01,6.8
2025-10-09 10:53:37,analyst_a,UPDATE,RESULTS,Analyst,RES-21613,Standard entry per SOP-01,7.0
2025-10-09 11:17:34,analyst_d,UPDATE,RESULTS,Analyst,RES-15969,Standard entry per SOP-01,6.63
2025-10-09 23:43:36,analyst_d,UPDATE,RESULTS,Analyst,RES-17922,Standard entry per SOP-01,7.07
2025-10-10 01:16:31,analyst_e,UPDATE,RESULTS,Analyst,RES-65837,Standard entry per SOP-01,7.27
2025-10-10 09:56:49,analyst_c,UPDATE,RESULTS,Analyst,RES-53942,Standard entry per SOP-01,6.54
2025-10-10 12:52:25,analyst_b,UPDATE,RESULTS,Analyst,RES-43381,Standard entry per SOP-01,7.33
2025-10-10 13:34:58,analyst_a,UPDATE,RESULTS,Analyst,RES-89533,Standard entry per SOP-01,6.72
2025-10-10 15:23:01,analyst_a,UPDATE,RESULTS,Analyst,RES-31413,Standard entry per SOP-01,7.05
2025-10-10 16:19:46,analyst_a,UPDATE,RESULTS,Analyst,RES-58361,Standard entry per SOP-01,7.09
2025-10-10 18:18:50,analyst_a,UPDATE,RESULTS,Analyst,RES-83815,Standard entry per SOP-01,6.84
2025-10-10 19:34:55,analyst_d,UPDATE,RESULTS,Analyst,RES-67974,Standard entry per SOP-01,7.12
2025-10-10 23:10:40,analyst_c,UPDATE,RESULTS,Analyst,RES-30975,Standard entry per SOP-01,7.07
2025-10-11 00:56:05,analyst_e,UPDATE,RESULTS,Analyst,RES-32185,Standard entry per SOP-01,7.3
2025-10-11 01:49:55,analyst_e,UPDATE,RESULTS,Analyst,RES-13059,Standard entry per SOP-01,7.38
2025-10-11 05:01:45,analyst_a,UPDATE,RESULTS,Analyst,RES-80128,Standard entry per SOP-01,7.0
2025-10-11 06:10:56,analyst_d,UPDATE,RESULTS,Analyst,RES-58111,Standard entry per SOP-01,7.17
2025-10-11 06:37:35,analyst_d,UPDATE,RESULTS,Analyst,RES-71207,Standard entry per SOP-01,7.25
2025-10-11 08:43:14,analyst_c,UPDATE,RESULTS,Analyst,RES-71361,Standard entry per SOP-01,7.44
2025-10-11 09:11:46,analyst_c,UPDATE,RESULTS,Analyst,RES-73499,Standard entry per SOP-01,7.3
2025-10-11 12:41:06,analyst_d,UPDATE,RESULTS,Analyst,RES-59622,Standard entry per SOP-01,7.11
2025-10-11 15:11:15,analyst_d,UPDATE,RESULTS,Analyst,RES-44861,Standard entry per SOP-01,6.86
2025-10-11 15:31:40,analyst_c,UPDATE,RESULTS,Analyst,RES-19777,Standard entry per SOP-01,6.66
2025-10-11 17:32:31,analyst_b,UPDATE,RESULTS,Analyst,RES-25985,Standard entry per SOP-01,6.73
2025-10-11 19:12:57,analyst_a,UPDATE,RESULTS,Analyst,RES-63460,Standard entry per SOP-01,6.77
2025-10-11 19:34:40,analyst_a,UPDATE,RESULTS,Analyst,RES-56674,Standard entry per SOP-01,6.68
2025-10-11 20:17:14,analyst_a,UPDATE,RESULTS,Analyst,RES-67232,Standard entry per SOP-01,6.97
2025-10-11 21:54:13,analyst_b,UPDATE,RESULTS,Analyst,RES-91582,Standard entry per SOP-01,6.85
2025-10-11 22:53:23,analyst_b,UPDATE,RESULTS,Analyst,RES-17874,Standard entry per SOP-01,7.05
2025-10-11 23:10:07,analyst_d,UPDATE,RESULTS,Analyst,RES-71378,Standard entry per SOP-01,7.29
2025-10-12 00:37:45,analyst_d,UPDATE,RESULTS,Analyst,RES-92097,Standard entry per SOP-01,6.56
2025-10-12 04:17:35,analyst_c,UPDATE,RESULTS,Analyst,RES-40687,Standard entry per SOP-01,6.64
2025-10-12 08:25:04,analyst_e,UPDATE,RESULTS,Analyst,RES-43149,Standard entry per SOP-01,6.82
2025-10-12 10:30:18,analyst_e,UPDATE,RESULTS,Analyst,RES-40966,Standard entry per SOP-01,6.63
2025-10-12 11:33:16,analyst_c,UPDATE,RESULTS,Analyst,RES-41439,Standard entry per SOP-01,7.35
2025-10-12 15:25:54,analyst_a,UPDATE,RESULTS,Analyst,RES-63655,Standard entry per SOP-01,6.61
2025-10-12 15:37:56,analyst_a,UPDATE,RESULTS,Analyst,RES-31132,Standard entry per SOP-01,6.94
2025-10-12 17:15:57,analyst_b,UPDATE,RESULTS,Analyst,RES-14001,Standard entry per SOP-01,6.61
2025-10-12 18:26:39,analyst_a,UPDATE,RESULTS,Analyst,RES-99140,Standard entry per SOP-01,6.69
2025-10-12 20:08:19,analyst_e,UPDATE,RESULTS,Analyst,RES-29561,Standard entry per SOP-01,6.79
2025-10-12 20:47:39,analyst_d,UPDATE,RESULTS,Analyst,RES-40245,Standard entry per SOP-01,7.07
2025-10-13 01:48:54,analyst_d,UPDATE,RESULTS,Analyst,RES-17441,Standard entry per SOP-01,6.72
2025-10-13 02:34:06,analyst_b,UPDATE,RESULTS,Analyst,RES-70780,Standard entry per SOP-01,6.87
2025-10-13 02:53:53,analyst_c,UPDATE,RESULTS,Analyst,RES-27607,Standard entry per SOP-01,6.54
2025-10-13 03:17:38,analyst_e,UPDATE,RESULTS,Analyst,RES-77578,Standard entry per SOP-01,6.82
2025-10-13 05:47:40,analyst_c,UPDATE,RESULTS,Analyst,RES-49402,Standard entry per SOP-01,7.32
2025-10-13 11:40:26,analyst_a,UPDATE,RESULTS,Analyst,RES-57884,Standard entry per SOP-01,7.14
2025-10-13 11:49:25,analyst_d,UPDATE,RESULTS,Analyst,RES-18500,Standard entry per SOP-01,6.62
2025-10-13 13:09:56,analyst_c,UPDATE,RESULTS,Analyst,RES-83989,Standard entry per SOP-01,6.9
2025-10-13 13:49:41,analyst_d,UPDATE,RESULTS,Analyst,RES-31652,Standard entry per SOP-01,7.16
2025-10-13 15:59:52,analyst_b,UPDATE,RESULTS,Analyst,RES-73527,Standard entry per SOP-01,6.9
2025-10-13 16:26:59,analyst_c,UPDATE,RESULTS,Analyst,RES-55250,Standard entry per SOP-01,7.08
2025-10-13 16:35:39,analyst_a,UPDATE,RESULTS,Analyst,RES-74233,Standard entry per SOP-01,7.23
2025-10-13 22:06:51,analyst_e,UPDATE,RESULTS,Analyst,RES-44118,Standard entry per SOP-01,6.53
2025-10-13 22:16:50,analyst_a,UPDATE,RESULTS,Analyst,RES-71912,Standard entry per SOP-01,7.26
2025-10-13 22:21:50,analyst_d,UPDATE,RESULTS,Analyst,RES-78161,Standard entry per SOP-01,7.46
2025-10-14 00:57:38,analyst_d,UPDATE,RESULTS,Analyst,RES-73814,Standard entry per SOP-01,7.34
2025-10-14 04:52:03,analyst_c,UPDATE,RESULTS,Analyst,RES-34850,Standard entry per SOP-01,7.23
2025-10-14 05:52:11,analyst_c,UPDATE,RESULTS,Analyst,RES-61413,Standard entry per SOP-01,6.51
2025-10-14 08:30:14,analyst_e,UPDATE,RESULTS,Analyst,RES-34562,Standard entry per SOP-01,7.06
2025-10-14 08:33:33,analyst_c,UPDATE,RESULTS,Analyst,RES-46242,Standard entry per SOP-01,6.68
2025-10-14 09:27:17,analyst_d,UPDATE,RESULTS,Analyst,RES-10185,Standard entry per SOP-01,6.99
2025-10-14 10:59:23,analyst_a,UPDATE,RESULTS,Analyst,RES-47941,Standard entry per SOP-01,7.22
2025-10-14 13:27:31,analyst_a,UPDATE,RESULTS,Analyst,RES-11140,Standard entry per SOP-01,7.06
2025-10-14 15:54:26,analyst_d,UPDATE,RESULTS,Analyst,RES-30699,Standard entry per SOP-01,6.55
2025-10-14 18:06:46,analyst_d,UPDATE,RESULTS,Analyst,RES-21176,Standard entry per SOP-01,7.03
2025-10-14 18:17:08,analyst_b,UPDATE,RESULTS,Analyst,RES-10648,Standard entry per SOP-01,6.93
2025-10-14 19:22:16,analyst_a,UPDATE,RESULTS,Analyst,RES-39369,Standard entry per SOP-01,7.16
2025-10-14 20:28:44,analyst_a,UPDATE,RESULTS,Analyst,RES-49922,Standard entry per SOP-01,6.57
2025-10-14 23:21:53,analyst_e,UPDATE,RESULTS,Analyst,RES-33535,Standard entry per SOP-01,7.15
2025-10-15 00:55:53,analyst_a,UPDATE,RESULTS,Analyst,RES-20519,Standard entry per SOP-01,7.11
2025-10-15 01:02:15,analyst_c,UPDATE,RESULTS,Analyst,RES-70548,Standard entry per SOP-01,7.3
2025-10-15 02:31:38,analyst_a,UPDATE,RESULTS,Analyst,RES-79207,Standard entry per SOP-01,6.73
2025-10-15 05:55:54,analyst_b,UPDATE,RESULTS,Analyst,RES-98999,Standard entry per SOP-01,6.73
2025-10-15 07:00:44,analyst_b,UPDATE,RESULTS,Analyst,RES-69004,Standard entry per SOP-01,6.61
2025-10-15 07:21:36,analyst_b,UPDATE,RESULTS,Analyst,RES-10977,Standard entry per SOP-01,7.13
2025-10-15 08:38:42,analyst_c,UPDATE,RESULTS,Analyst,RES-33152,Standard entry per SOP-01,6.9
2025-10-15 10:16:28,analyst_c,UPDATE,RESULTS,Analyst,RES-97972,Standard entry per SOP-01,6.69
2025-10-15 13:02:19,analyst_d,UPDATE,RESULTS,Analyst,RES-69887,Standard entry per SOP-01,7.44
2025-10-15 14:42:02,analyst_a,UPDATE,RESULTS,Analyst,RES-22301,Standard entry per SOP-01,6.89
2025-10-15 20:07:02,analyst_b,UPDATE,RESULTS,Analyst,RES-89607,Standard entry per SOP-01,7.14
2025-10-15 21:09:53,analyst_a,UPDATE,RESULTS,Analyst,RES-68962,Standard entry per SOP-01,6.92
2025-10-15 23:32:35,analyst_b,UPDATE,RESULTS,Analyst,RES-10636,Standard entry per SOP-01,6.53
2025-10-16 02:37:44,analyst_e,UPDATE,RESULTS,Analyst,RES-42167,Standard entry per SOP-01,6.87
2025-10-16 06:19:37,analyst_d,UPDATE,RESULTS,Analyst,RES-76664,Standard entry per SOP-01,6.55
2025-10-16 07:13:43,analyst_d,UPDATE,RESULTS,Analyst,RES-91098,Standard entry per SOP-01,7.35
2025-10-16 07:20:10,analyst_d,UPDATE,RESULTS,Analyst,RES-87449,Standard entry per SOP-01,7.35
2025-10-16 15:14:04,analyst_b,UPDATE,RESULTS,Analyst,RES-36863,Standard entry per SOP-01,7.21
2025-10-16 17:20:11,analyst_a,UPDATE,RESULTS,Analyst,RES-72498,Standard entry per SOP-01,7.27
2025-10-16 17:25:35,analyst_b,UPDATE,RESULTS,Analyst,RES-17056,Standard entry per SOP-01,7.32
2025-10-16 19:02:24,analyst_a,UPDATE,RESULTS,Analyst,RES-33313,Standard entry per SOP-01,7.46
2025-10-16 20:46:14,analyst_c,UPDATE,RESULTS,Analyst,RES-13933,Standard entry per SOP-01,7.39
2025-10-16 20:47:51,analyst_d,UPDATE,RESULTS,Analyst,RES-31888,Standard entry per SOP-01,6.95
2025-10-16 21:43:13,analyst_e,UPDATE,RESULTS,Analyst,RES-48169,Standard entry per SOP-01,6.91
2025-10-16 21:58:36,analyst_a,UPDATE,RESULTS,Analyst,RES-18081,Standard entry per SOP-01,7.15
2025-10-16 22:01:53,analyst_d,UPDATE,RESULTS,Analyst,RES-67375,Standard entry per SOP-01,7.15
2025-10-16 23:45:19,analyst_c,UPDATE,RESULTS,Analyst,RES-10291,Standard entry per SOP-01,6.64
2025-10-17 00:56:57,analyst_b,UPDATE,RESULTS,Analyst,RES-28015,Standard entry per SOP-01,7.08
2025-10-17 02:06:19,analyst_e,UPDATE,RESULTS,Analyst,RES-96254,Standard entry per SOP-01,6.81
2025-10-17 04:26:25,analyst_a,UPDATE,RESULTS,Analyst,RES-92808,Standard entry per SOP-01,7.05
2025-10-17 06:50:31,analyst_a,UPDATE,RESULTS,Analyst,RES-59864,Standard entry per SOP-01,7.17
2025-10-17 10:29:51,analyst_c,UPDATE,RESULTS,Analyst,RES-25959,Standard entry per SOP-01,7.45
2025-10-17 11:14:11,analyst_b,UPDATE,RESULTS,Analyst,RES-96980,Standard entry per SOP-01,6.75
2025-10-17 12:55:14,analyst_d,UPDATE,RESULTS,Analyst,RES-76309,Standard entry per SOP-01,6.86
2025-10-17 13:11:36,analyst_b,UPDATE,RESULTS,Analyst,RES-48150,Standard entry per SOP-01,7.13
2025-10-17 13:12:30,analyst_b,UPDATE,RESULTS,Analyst,RES-53379,Standard entry per SOP-01,7.44
2025-10-17 15:13:17,analyst_e,UPDATE,RESULTS,Analyst,RES-82955,Standard entry per SOP-01,6.92
2025-10-17 16:00:26,analyst_a,UPDATE,RESULTS,Analyst,RES-27793,Standard entry per SOP-01,7.1
2025-10-17 19:24:03,analyst_d,UPDATE,RESULTS,Analyst,RES-37163,Standard entry per SOP-01,7.21
2025-10-17 19:49:11,analyst_d,UPDATE,RESULTS,Analyst,RES-35302,Standard entry per SOP-01,7.23
2025-10-18 03:21:33,analyst_a,UPDATE,RESULTS,Analyst,RES-98460,Standard entry per SOP-01,6.81
2025-10-18 07:53:03,analyst_c,UPDATE,RESULTS,Analyst,RES-16784,Standard entry per SOP-01,6.52
2025-10-18 09:38:27,analyst_d,UPDATE,RESULTS,Analyst,RES-16685,Standard entry per SOP-01,7.33
2025-10-18 10:47:18,analyst_d,UPDATE,RESULTS,Analyst,RES-63252,Standard entry per SOP-01,6.93
2025-10-18 20:18:34,analyst_c,UPDATE,RESULTS,Analyst,RES-59616,Standard entry per SOP-01,6.85
2025-10-18 20:46:41,analyst_b,UPDATE,RESULTS,Analyst,RES-52738,Standard entry per SOP-01,6.59
2025-10-18 21:35:41,analyst_d,UPDATE,RESULTS,Analyst,RES-59849,Standard entry per SOP-01,7.07
2025-10-18 22:48:51,analyst_e,UPDATE,RESULTS,Analyst,RES-71848,Standard entry per SOP-01,6.55
2025-10-19 03:40:43,analyst_b,UPDATE,RESULTS,Analyst,RES-14403,Standard entry per SOP-01,7.33
2025-10-19 06:17:36,analyst_d,UPDATE,RESULTS,Analyst,RES-87532,Standard entry per SOP-01,7.2
2025-10-19 07:29:40,analyst_b,UPDATE,RESULTS,Analyst,RES-60234,Standard entry per SOP-01,6.63
2025-10-19 08:43:13,analyst_c,UPDATE,RESULTS,Analyst,RES-80954,Standard entry per SOP-01,6.62
2025-10-19 10:32:31,analyst_e,UPDATE,RESULTS,Analyst,RES-41334,Standard entry per SOP-01,6.74
2025-10-19 11:08:18,analyst_b,UPDATE,RESULTS,Analyst,RES-92394,Standard entry per SOP-01,7.22
2025-10-19 13:05:14,analyst_a,UPDATE,RESULTS,Analyst,RES-64436,Standard entry per SOP-01,6.54
2025-10-19 13:27:23,analyst_c,UPDATE,RESULTS,Analyst,RES-42695,Standard entry per SOP-01,6.81
2025-10-19 14:14:10,analyst_b,UPDATE,RESULTS,Analyst,RES-35539,Standard entry per SOP-01,6.85
2025-10-19 22:01:38,analyst_b,UPDATE,RESULTS,Analyst,RES-61770,Standard entry per SOP-01,7.14
2025-10-20 01:02:59,analyst_b,UPDATE,RESULTS,Analyst,RES-14531,Standard entry per SOP-01,7.24
2025-10-20 01:25:23,analyst_b,UPDATE,RESULTS,Analyst,RES-75482,Standard entry per SOP-01,7.19
2025-10-20 02:08:22,analyst_a,UPDATE,RESULTS,Analyst,RES-82194,Standard entry per SOP-01,7.03
2025-10-20 05:08:50,analyst_e,UPDATE,RESULTS,Analyst,RES-80157,Standard entry per SOP-01,6.99
2025-10-20 07:03:21,analyst_b,UPDATE,RESULTS,Analyst,RES-38374,Standard entry per SOP-01,7.13
2025-10-20 08:47:32,analyst_e,UPDATE,RESULTS,Analyst,RES-23162,Standard entry per SOP-01,6.91
2025-10-20 14:01:59,analyst_e,UPDATE,RESULTS,Analyst,RES-73186,Standard entry per SOP-01,6.88
2025-10-20 17:55:23,analyst_c,UPDATE,RESULTS,Analyst,RES-48075,Standard entry per SOP-01,7.43
2025-10-20 21:31:24,analyst_c,UPDATE,RESULTS,Analyst,RES-50034,Standard entry per SOP-01,6.63
2025-10-20 22:51:39,analyst_a,UPDATE,RESULTS,Analyst,RES-19573,Standard entry per SOP-01,7.32
2025-10-21 07:03:53,analyst_e,UPDATE,RESULTS,Analyst,RES-62089,Standard entry per SOP-01,7.0
2025-10-21 13:18:41,analyst_b,UPDATE,RESULTS,Analyst,RES-54840,Standard entry per SOP-01,7.01
2025-10-21 14:58:08,analyst_c,UPDATE,RESULTS,Analyst,RES-75382,Standard entry per SOP-01,6.9
2025-10-22 03:20:37,analyst_a,UPDATE,RESULTS,Analyst,RES-57094,Standard entry per SOP-01,6.9
2025-10-22 03:21:55,analyst_e,UPDATE,RESULTS,Analyst,RES-72964,Standard entry per SOP-01,6.96
2025-10-22 04:45:00,analyst_b,UPDATE,RESULTS,Analyst,RES-66983,Standard entry per SOP-01,6.89
2025-10-22 05:39:03,analyst_e,UPDATE,RESULTS,Analyst,RES-73040,Standard entry per SOP-01,6.61
2025-10-22 14:39:25,analyst_b,UPDATE,RESULTS,Analyst,RES-84631,Standard entry per SOP-01,6.55
2025-10-22 18:35:16,analyst_d,UPDATE,RESULTS,Analyst,RES-36618,Standard entry per SOP-01,7.26
2025-10-23 05:46:51,analyst_c,UPDATE,RESULTS,Analyst,RES-60452,Standard entry per SOP-01,6.88
2025-10-23 06:09:37,analyst_d,UPDATE,RESULTS,Analyst,RES-35365,Standard entry per SOP-01,7.23
2025-10-23 07:05:28,analyst_b,UPDATE,RESULTS,Analyst,RES-12188,Standard entry per SOP-01,7.13
2025-10-23 07:40:18,analyst_e,UPDATE,RESULTS,Analyst,RES-17297,Standard entry per SOP-01,7.48
2025-10-23 09:30:27,analyst_e,UPDATE,RESULTS,Analyst,RES-21078,Standard entry per SOP-01,7.39
2025-10-23 11:12:56,analyst_e,UPDATE,RESULTS,Analyst,RES-20414,Standard entry per SOP-01,7.46
2025-10-23 13:48:27,analyst_c,UPDATE,RESULTS,Analyst,RES-61498,Standard entry per SOP-01,7.3
2025-10-23 16:56:55,analyst_a,UPDATE,RESULTS,Analyst,RES-42858,Standard entry per SOP-01,6.61
2025-10-23 20:02:51,analyst_c,UPDATE,RESULTS,Analyst,RES-60676,Standard entry per SOP-01,7.1
2025-10-23 21:30:16,analyst_e,UPDATE,RESULTS,Analyst,RES-37805,Standard entry per SOP-01,7.49
2025-10-23 21:30:23,analyst_c,UPDATE,RESULTS,Analyst,RES-33990,Standard entry per SOP-01,7.04
2025-10-24 03:34:22,analyst_d,UPDATE,RESULTS,Analyst,RES-28377,Standard entry per SOP-01,6.53
2025-10-24 07:36:32,analyst_e,UPDATE,RESULTS,Analyst,RES-96887,Standard entry per SOP-01,6.96
2025-10-24 08:10:44,analyst_c,UPDATE,RESULTS,Analyst,RES-30640,Standard entry per SOP-01,7.3
2025-10-24 08:35:51,analyst_e,UPDATE,RESULTS,Analyst,RES-21972,Standard entry per SOP-01,7.45
2025-10-24 09:24:10,analyst_c,UPDATE,RESULTS,Analyst,RES-34592,Standard entry per SOP-01,7.07
2025-10-24 12:42:21,analyst_d,UPDATE,RESULTS,Analyst,RES-50568,Standard entry per SOP-01,7.11
2025-10-24 13:45:34,analyst_d,UPDATE,RESULTS,Analyst,RES-21902,Standard entry per SOP-01,7.29
2025-10-24 17:21:46,analyst_c,UPDATE,RESULTS,Analyst,RES-36236,Standard entry per SOP-01,7.06
2025-10-24 17:30:28,analyst_a,UPDATE,RESULTS,Analyst,RES-81993,Standard entry per SOP-01,7.09
2025-10-24 20:38:53,analyst_b,UPDATE,RESULTS,Analyst,RES-21497,Standard entry per SOP-01,6.76
2025-10-24 20:51:22,analyst_c,UPDATE,RESULTS,Analyst,RES-17746,Standard entry per SOP-01,6.62
2025-10-24 20:57:53,analyst_d,UPDATE,RESULTS,Analyst,RES-54351,Standard entry per SOP-01,7.15
2025-10-24 22:16:34,analyst_e,UPDATE,RESULTS,Analyst,RES-96198,Standard entry per SOP-01,7.02
2025-10-24 22:58:24,analyst_b,UPDATE,RESULTS,Analyst,RES-77566,Standard entry per SOP-01,6.55
2025-10-25 00:35:00,analyst_b,UPDATE,RESULTS,Analyst,RES-81120,Standard entry per SOP-01,7.21
2025-10-25 01:05:03,analyst_c,UPDATE,RESULTS,Analyst,RES-31105,Standard entry per SOP-01,7.12
2025-10-25 07:19:30,analyst_a,UPDATE,RESULTS,Analyst,RES-70814,Standard entry per SOP-01,7.15
2025-10-25 07:48:58,analyst_d,UPDATE,RESULTS,Analyst,RES-52711,Standard entry per SOP-01,6.83
2025-10-25 08:49:33,analyst_b,UPDATE,RESULTS,Analyst,RES-31019,Standard entry per SOP-01,7.25
2025-10-25 09:18:17,analyst_b,UPDATE,RESULTS,Analyst,RES-61419,Standard entry per SOP-01,6.77
2025-10-25 10:31:18,analyst_d,UPDATE,RESULTS,Analyst,RES-61648,Standard entry per SOP-01,6.55
2025-10-25 13:44:56,analyst_a,UPDATE,RESULTS,Analyst,RES-79308,Standard entry per SOP-01,7.23
2025-10-25 13:47:37,analyst_c,UPDATE,RESULTS,Analyst,RES-45844,Standard entry per SOP-01,7.07
2025-10-25 18:06:55,analyst_c,UPDATE,RESULTS,Analyst,RES-75744,Standard entry per SOP-01,6.94
2025-10-25 21:53:49,analyst_b,UPDATE,RESULTS,Analyst,RES-66663,Standard entry per SOP-01,6.94
2025-10-25 23:06:53,analyst_c,UPDATE,RESULTS,Analyst,RES-29521,Standard entry per SOP-01,7.46
2025-10-26 00:29:04,analyst_c,UPDATE,RESULTS,Analyst,RES-15657,Standard entry per SOP-01,6.89
2025-10-26 00:47:52,analyst_a,UPDATE,RESULTS,Analyst,RES-93491,Standard entry per SOP-01,6.57
2025-10-26 02:42:49,analyst_c,UPDATE,RESULTS,Analyst,RES-30257,Standard entry per SOP-01,6.96
2025-10-26 03:57:06,analyst_d,UPDATE,RESULTS,Analyst,RES-99807,Standard entry per SOP-01,6.55
2025-10-26 08:04:48,analyst_d,UPDATE,RESULTS,Analyst,RES-33583,Standard entry per SOP-01,7.37
2025-10-26 08:23:06,analyst_c,UPDATE,RESULTS,Analyst,RES-95316,Standard entry per SOP-01,6.58
2025-10-26 08:27:28,analyst_d,UPDATE,RESULTS,Analyst,RES-85184,Standard entry per SOP-01,6.66
2025-10-26 10:00:59,analyst_d,UPDATE,RESULTS,Analyst,RES-18215,Standard entry per SOP-01,6.92
2025-10-26 10:49:51,analyst_e,UPDATE,RESULTS,Analyst,RES-68887,Standard entry per SOP-01,7.44
2025-10-26 14:06:31,analyst_b,UPDATE,RESULTS,Analyst,RES-69092,Standard entry per SOP-01,7.43
2025-10-26 16:25:50,analyst_e,UPDATE,RESULTS,Analyst,RES-42149,Standard entry per SOP-01,6.53
2025-10-26 17:39:00,analyst_d,UPDATE,RESULTS,Analyst,RES-79248,Standard entry per SOP-01,7.28
2025-10-26 17:48:56,analyst_e,UPDATE,RESULTS,Analyst,RES-44731,Standard entry per SOP-01,6.79
2025-10-26 18:48:42,analyst_c,UPDATE,RESULTS,Analyst,RES-56285,Standard entry per SOP-01,6.98
2025-10-26 22:06:31,analyst_c,UPDATE,RESULTS,Analyst,RES-14720,Standard entry per SOP-01,6.95
2025-10-27 02:00:08,analyst_d,UPDATE,RESULTS,Analyst,RES-11736,Standard entry per SOP-01,6.93
2025-10-27 04:28:24,analyst_e,UPDATE,RESULTS,Analyst,RES-86091,Standard entry per SOP-01,7.32
2025-10-27 06:51:13,analyst_e,UPDATE,RESULTS,Analyst,RES-19879,Standard entry per SOP-01,7.46
2025-10-27 08:00:18,analyst_b,UPDATE,RESULTS,Analyst,RES-70331,Standard entry per SOP-01,6.77
2025-10-27 09:02:45,analyst_e,UPDATE,RESULTS,Analyst,RES-14540,Standard entry per SOP-01,7.23
2025-10-27 11:55:14,analyst_b,UPDATE,RESULTS,Analyst,RES-37037,Standard entry per SOP-01,7.12
2025-10-27 12:23:38,analyst_e,UPDATE,RESULTS,Analyst,RES-26220,Standard entry per SOP-01,7.5
2025-10-27 17:09:45,analyst_a,UPDATE,RESULTS,Analyst,RES-50808,Standard entry per SOP-01,7.02
2025-10-27 20:14:43,analyst_b,UPDATE,RESULTS,Analyst,RES-64010,Standard entry per SOP-01,7.11
2025-10-27 20:54:39,analyst_e,UPDATE,RESULTS,Analyst,RES-74351,Standard entry per SOP-01,6.75
2025-10-27 23:46:43,analyst_b,UPDATE,RESULTS,Analyst,RES-42443,Standard entry per SOP-01,7.37
2025-10-28 00:34:29,analyst_e,UPDATE,RESULTS,Analyst,RES-10457,Standard entry per SOP-01,7.31
2025-10-28 01:30:37,analyst_e,UPDATE,RESULTS,Analyst,RES-37887,Standard entry per SOP-01,7.38
2025-10-28 02:21:42,analyst_b,UPDATE,RESULTS,Analyst,RES-17231,Standard entry per SOP-01,7.19
2025-10-28 05:36:34,analyst_d,UPDATE,RESULTS,Analyst,RES-74532,Standard entry per SOP-01,6.99
2025-10-28 06:48:18,analyst_a,UPDATE,RESULTS,Analyst,RES-17949,Standard entry per SOP-01,7.16
2025-10-28 08:03:22,analyst_e,UPDATE,RESULTS,Analyst,RES-89505,Standard entry per SOP-01,7.07
2025-10-28 09:27:50,analyst_d,UPDATE,RESULTS,Analyst,RES-69130,Standard entry per SOP-01,7.11
2025-10-28 09:49:40,analyst_e,UPDATE,RESULTS,Analyst,RES-97846,Standard entry per SOP-01,7.11
2025-10-28 11:07:53,analyst_b,UPDATE,RESULTS,Analyst,RES-64375,Standard entry per SOP-01,7.06
2025-10-28 11:27:34,analyst_a,UPDATE,RESULTS,Analyst,RES-70929,Standard entry per SOP-01,6.84
2025-10-28 11:37:47,analyst_e,UPDATE,RESULTS,Analyst,RES-48997,Standard entry per SOP-01,6.69
2025-10-28 13:05:46,analyst_b,UPDATE,RESULTS,Analyst,RES-60792,Standard entry per SOP-01,7.06
2025-10-28 14:46:38,analyst_d,UPDATE,RESULTS,Analyst,RES-57844,Standard entry per SOP-01,7.22
2025-10-28 14:54:41,analyst_a,UPDATE,RESULTS,Analyst,RES-74250,Standard entry per SOP-01,7.34
2025-10-28 18:14:10,analyst_a,UPDATE,RESULTS,Analyst,RES-46472,Standard entry per SOP-01,7.34
2025-10-28 18:51:07,analyst_e,UPDATE,RESULTS,Analyst,RES-47486,Standard entry per SOP-01,6.77
2025-10-29 00:02:58,analyst_b,UPDATE,RESULTS,Analyst,RES-27812,Standard entry per SOP-01,6.75
2025-10-29 04:11:56,analyst_a,UPDATE,RESULTS,Analyst,RES-47256,Standard entry per SOP-01,6.51
2025-10-29 08:18:04,analyst_c,UPDATE,RESULTS,Analyst,RES-87026,Standard entry per SOP-01,6.86
2025-10-29 21:50:13,analyst_e,UPDATE,RESULTS,Analyst,RES-99750,Standard entry per SOP-01,6.58
2025-10-29 23:00:04,analyst_e,UPDATE,RESULTS,Analyst,RES-60637,Standard entry per SOP-01,6.59
2025-10-30 02:02:39,analyst_d,UPDATE,RESULTS,Analyst,RES-58422,Standard entry per SOP-01,6.9
2025-10-30 02:43:28,analyst_b,UPDATE,RESULTS,Analyst,RES-72704,Standard entry per SOP-01,7.04
2025-10-30 07:16:01,analyst_c,UPDATE,RESULTS,Analyst,RES-37052,Standard entry per SOP-01,6.85
2025-10-30 07:38:34,analyst_a,UPDATE,RESULTS,Analyst,RES-29942,Standard entry per SOP-01,6.55
2025-10-30 08:21:47,analyst_b,UPDATE,RESULTS,Analyst,RES-21277,Standard entry per SOP-01,6.52
2025-10-30 08:36:20,analyst_a,UPDATE,RESULTS,Analyst,RES-80658,Standard entry per SOP-01,7.2
2025-10-30 12:24:45,analyst_e,UPDATE,RESULTS,Analyst,RES-33367,Standard entry per SOP-01,6.67
2025-10-30 12:46:04,analyst_d,UPDATE,RESULTS,Analyst,RES-80817,Standard entry per SOP-01,7.32
2025-10-30 13:39:23,analyst_a,UPDATE,RESULTS,Analyst,RES-43138,Standard entry per SOP-01,6.52
2025-10-30 14:32:57,analyst_b,UPDATE,RESULTS,Analyst,RES-54619,Standard entry per SOP-01,7.28
2025-10-30 16:35:47,analyst_e,UPDATE,RESULTS,Analyst,RES-36980,Standard entry per SOP-01,6.74
2025-10-30 17:43:02,analyst_e,UPDATE,RESULTS,Analyst,RES-56444,Standard entry per SOP-01,7.21
2025-10-30 19:52:58,analyst_d,UPDATE,RESULTS,Analyst,RES-91037,Standard entry per SOP-01,7.48
2025-10-30 19:57:14,analyst_d,UPDATE,RESULTS,Analyst,RES-61484,Standard entry per SOP-01,6.52
2025-10-30 23:06:28,analyst_e,UPDATE,RESULTS,Analyst,RES-39095,Standard entry per SOP-01,6.93
2025-10-31 04:32:06,analyst_b,UPDATE,RESULTS,Analyst,RES-91143,Standard entry per SOP-01,7.42
2025-10-31 08:25:51,analyst_d,UPDATE,RESULTS,Analyst,RES-36740,Standard entry per SOP-01,6.81
2025-10-31 09:39:24,analyst_b,UPDATE,RESULTS,Analyst,RES-43179,Standard entry per SOP-01,6.66
2025-10-31 10:10:10,analyst_b,UPDATE,RESULTS,Analyst,RES-29599,Standard entry per SOP-01,7.22
2025-10-31 11:23:26,analyst_c,UPDATE,RESULTS,Analyst,RES-88027,Standard entry per SOP-01,7.26
2025-10-31 13:28:58,analyst_b,UPDATE,RESULTS,Analyst,RES-33899,Standard entry per SOP-01,7.07
2025-10-31 13:31:57,analyst_a,UPDATE,RESULTS,Analyst,RES-18669,Standard entry per SOP-01,7.17
2025-10-31 14:28:29,analyst_a,UPDATE,RESULTS,Analyst,RES-95118,Standard entry per SOP-01,7.17
2025-10-31 15:31:10,analyst_d,UPDATE,RESULTS,Analyst,RES-81834,Standard entry per SOP-01,7.09
2025-10-31 17:24:10,analyst_a,UPDATE,RESULTS,Analyst,RES-46797,Standard entry per SOP-01,7.32
2025-10-31 19:04:06,analyst_e,UPDATE,RESULTS,Analyst,RES-65458,Standard entry per SOP-01,6.74
2025-10-31 20:50:30,analyst_e,UPDATE,RESULTS,Analyst,RES-57450,Standard entry per SOP-01,6.89
2025-10-31 21:47:56,analyst_c,UPDATE,RESULTS,Analyst,RES-38445,Standard entry per SOP-01,7.41
2025-11-01 00:44:23,analyst_d,UPDATE,RESULTS,Analyst,RES-23949,Standard entry per SOP-01,6.56
2025-11-01 01:22:18,analyst_d,UPDATE,RESULTS,Analyst,RES-51964,Standard entry per SOP-01,6.72
2025-11-01 03:53:23,analyst_b,UPDATE,RESULTS,Analyst,RES-79293,Standard entry per SOP-01,6.81
2025-11-01 09:32:15,analyst_c,UPDATE,RESULTS,Analyst,RES-78559,Standard entry per SOP-01,7.0
2025-11-01 13:46:36,analyst_e,UPDATE,RESULTS,Analyst,RES-21644,Standard entry per SOP-01,6.55
2025-11-01 16:19:59,analyst_d,UPDATE,RESULTS,Analyst,RES-16161,Standard entry per SOP-01,7.19
2025-11-01 19:32:01,analyst_a,UPDATE,RESULTS,Analyst,RES-21037,Standard entry per SOP-01,7.0
2025-11-01 20:42:40,analyst_c,UPDATE,RESULTS,Analyst,RES-62090,Standard entry per SOP-01,7.46
2025-11-01 21:33:58,analyst_b,UPDATE,RESULTS,Analyst,RES-26936,Standard entry per SOP-01,7.26
2025-11-01 23:36:49,analyst_c,UPDATE,RESULTS,Analyst,RES-33322,Standard entry per SOP-01,6.92
2025-11-02 03:31:59,analyst_a,UPDATE,RESULTS,Analyst,RES-73330,Standard entry per SOP-01,7.37
2025-11-02 08:09:41,analyst_e,UPDATE,RESULTS,Analyst,RES-50225,Standard entry per SOP-01,6.72
2025-11-02 08:09:44,analyst_b,UPDATE,RESULTS,Analyst,RES-76479,Standard entry per SOP-01,6.9
2025-11-02 09:05:19,analyst_b,UPDATE,RESULTS,Analyst,RES-40759,Standard entry per SOP-01,7.36
2025-11-02 17:57:32,analyst_b,UPDATE,RESULTS,Analyst,RES-19772,Standard entry per SOP-01,6.76
2025-11-02 18:33:21,analyst_c,UPDATE,RESULTS,Analyst,RES-50630,Standard entry per SOP-01,7.06
2025-11-02 19:58:56,analyst_a,UPDATE,RESULTS,Analyst,RES-65671,Standard entry per SOP-01,6.58
2025-11-02 22:54:13,analyst_c,UPDATE,RESULTS,Analyst,RES-14986,Standard entry per SOP-01,6.94
2025-11-02 23:17:30,analyst_b,UPDATE,RESULTS,Analyst,RES-86034,Standard entry per SOP-01,6.72
2025-11-03 02:35:16,analyst_d,UPDATE,RESULTS,Analyst,RES-13331,Standard entry per SOP-01,7.37
2025-11-03 05:35:32,analyst_d,UPDATE,RESULTS,Analyst,RES-25441,Standard entry per SOP-01,6.64
2025-11-03 06:03:23,analyst_e,UPDATE,RESULTS,Analyst,RES-20767,Standard entry per SOP-01,7.44
2025-11-03 06:40:26,analyst_b,UPDATE,RESULTS,Analyst,RES-32828,Standard entry per SOP-01,7.44
2025-11-03 08:06:24,analyst_b,UPDATE,RESULTS,Analyst,RES-64473,Standard entry per SOP-01,6.71
2025-11-03 14:59:22,analyst_c,UPDATE,RESULTS,Analyst,RES-31708,Standard entry per SOP-01,7.03
2025-11-03 15:03:58,analyst_c,UPDATE,RESULTS,Analyst,RES-18484,Standard entry per SOP-01,6.94
2025-11-03 15:05:22,analyst_c,UPDATE,RESULTS,Analyst,RES-99448,Standard entry per SOP-01,7.15
2025-11-03 15:27:43,analyst_a,UPDATE,RESULTS,Analyst,RES-73944,Standard entry per SOP-01,6.78
2025-11-03 16:06:37,analyst_b,UPDATE,RESULTS,Analyst,RES-41424,Standard entry per SOP-01,7.1
2025-11-03 22:30:26,analyst_e,UPDATE,RESULTS,Analyst,RES-73516,Standard entry per SOP-01,6.82
2025-11-04 01:22:32,analyst_a,UPDATE,RESULTS,Analyst,RES-70325,Standard entry per SOP-01,6.86
2025-11-04 03:32:02,analyst_a,UPDATE,RESULTS,Analyst,RES-16384,Standard entry per SOP-01,7.0
2025-11-04 03:51:12,analyst_d,UPDATE,RESULTS,Analyst,RES-32481,Standard entry per SOP-01,7.33
2025-11-04 06:03:25,analyst_b,UPDATE,RESULTS,Analyst,RES-11103,Standard entry per SOP-01,7.0
2025-11-04 06:06:00,analyst_a,UPDATE,RESULTS,Analyst,RES-78409,Standard entry per SOP-01,6.66
2025-11-04 08:47:52,analyst_e,UPDATE,RESULTS,Analyst,RES-58262,Standard entry per SOP-01,6.67
2025-11-04 08:58:15,analyst_d,UPDATE,RESULTS,Analyst,RES-76463,Standard entry per SOP-01,7.38
2025-11-04 09:24:37,analyst_b,UPDATE,RESULTS,Analyst,RES-89043,Standard entry per SOP-01,6.94
2025-11-04 09:46:55,analyst_a,UPDATE,RESULTS,Analyst,RES-23041,Standard entry per SOP-01,6.53
2025-11-04 11:28:44,analyst_b,UPDATE,RESULTS,Analyst,RES-70114,Standard entry per SOP-01,7.06
2025-11-04 16:39:51,analyst_d,UPDATE,RESULTS,Analyst,RES-70850,Standard entry per SOP-01,6.63
2025-11-04 20:31:13,analyst_c,UPDATE,RESULTS,Analyst,RES-32454,Standard entry per SOP-01,6.66
2025-11-05 00:11:11,analyst_a,UPDATE,RESULTS,Analyst,RES-72511,Standard entry per SOP-01,6.8
2025-11-05 00:38:01,analyst_e,UPDATE,RESULTS,Analyst,RES-75385,Standard entry per SOP-01,6.67
2025-11-05 01:12:22,analyst_a,UPDATE,RESULTS,Analyst,RES-21795,Standard entry per SOP-01,7.25
2025-11-05 06:00:50,analyst_a,UPDATE,RESULTS,Analyst,RES-95512,Standard entry per SOP-01,7.44
2025-11-05 07:44:39,analyst_b,UPDATE,RESULTS,Analyst,RES-38344,Standard entry per SOP-01,6.57
2025-11-05 13:44:36,analyst_c,UPDATE,RESULTS,Analyst,RES-69665,Standard entry per SOP-01,7.07
2025-11-05 18:12:42,analyst_c,UPDATE,RESULTS,Analyst,RES-35363,Standard entry per SOP-01,6.97
2025-11-05 21:08:21,analyst_b,UPDATE,RESULTS,Analyst,RES-98898,Standard entry per SOP-01,6.54
2025-11-05 21:24:28,analyst_e,UPDATE,RESULTS,Analyst,RES-64157,Standard entry per SOP-01,6.62
2025-11-05 23:01:36,analyst_a,UPDATE,RESULTS,Analyst,RES-12447,Standard entry per SOP-01,7.19
2025-11-05 23:11:00,analyst_e,UPDATE,RESULTS,Analyst,RES-40145,Standard entry per SOP-01,7.33
2025-11-05 23:30:11,analyst_c,UPDATE,RESULTS,Analyst,RES-79432,Standard entry per SOP-01,6.78
2025-11-05 23:59:49,analyst_e,UPDATE,RESULTS,Analyst,RES-53622,Standard entry per SOP-01,6.84
2025-11-06 01:43:45,analyst_b,UPDATE,RESULTS,Analyst,RES-47951,Standard entry per SOP-01,6.86
2025-11-06 02:12:02,analyst_a,UPDATE,RESULTS,Analyst,RES-95076,Standard entry per SOP-01,7.33
2025-11-06 03:07:57,analyst_b,UPDATE,RESULTS,Analyst,RES-15176,Standard entry per SOP-01,6.51
2025-11-06 03:20:33,analyst_a,UPDATE,RESULTS,Analyst,RES-98802,Standard entry per SOP-01,6.54
2025-11-06 05:31:31,analyst_d,UPDATE,RESULTS,Analyst,RES-94364,Standard entry per SOP-01,6.85
2025-11-06 07:03:15,analyst_e,UPDATE,RESULTS,Analyst,RES-91651,Standard entry per SOP-01,7.17
2025-11-06 09:45:24,analyst_a,UPDATE,RESULTS,Analyst,RES-56478,Standard entry per SOP-01,7.1
2025-11-06 15:47:45,analyst_d,UPDATE,RESULTS,Analyst,RES-10624,Standard entry per SOP-01,7.31
2025-11-06 17:47:30,analyst_e,UPDATE,RESULTS,Analyst,RES-81853,Standard entry per SOP-01,6.69
2025-11-06 19:33:19,analyst_a,UPDATE,RESULTS,Analyst,RES-74068,Standard entry per SOP-01,6.6
2025-11-06 20:44:27,analyst_c,UPDATE,RESULTS,Analyst,RES-95904,Standard entry per SOP-01,6.79
2025-11-06 22:59:46,analyst_a,UPDATE,RESULTS,Analyst,RES-10905,Standard entry per SOP-01,7.08
2025-11-06 23:09:27,analyst_e,UPDATE,RESULTS,Analyst,RES-89234,Standard entry per SOP-01,7.31
2025-11-07 07:40:16,analyst_b,UPDATE,RESULTS,Analyst,RES-57309,Standard entry per SOP-01,6.65
2025-11-07 10:28:42,analyst_d,UPDATE,RESULTS,Analyst,RES-97559,Standard entry per SOP-01,6.83
2025-11-07 10:44:22,analyst_e,UPDATE,RESULTS,Analyst,RES-26966,Standard entry per SOP-01,7.38
2025-11-07 12:51:16,analyst_c,UPDATE,RESULTS,Analyst,RES-84228,Standard entry per SOP-01,6.86
2025-11-07 13:56:56,analyst_a,UPDATE,RESULTS,Analyst,RES-26078,Standard entry per SOP-01,7.1
2025-11-07 19:20:58,analyst_d,UPDATE,RESULTS,Analyst,RES-34194,Standard entry per SOP-01,7.49
2025-11-07 22:41:30,analyst_d,UPDATE,RESULTS,Analyst,RES-91530,Standard entry per SOP-01,6.79
2025-11-08 03:03:54,analyst_c,UPDATE,RESULTS,Analyst,RES-96491,Standard entry per SOP-01,6.79
2025-11-08 03:28:11,analyst_c,UPDATE,RESULTS,Analyst,RES-80879,Standard entry per SOP-01,6.85
2025-11-08 03:54:33,analyst_d,UPDATE,RESULTS,Analyst,RES-20705,Standard entry per SOP-01,7.13
2025-11-08 04:33:46,analyst_b,UPDATE,RESULTS,Analyst,RES-68368,Standard entry per SOP-01,6.68
2025-11-08 08:47:35,analyst_c,UPDATE,RESULTS,Analyst,RES-77611,Standard entry per SOP-01,6.76
2025-11-08 18:17:36,analyst_d,UPDATE,RESULTS,Analyst,RES-61397,Standard entry per SOP-01,6.88
2025-11-08 18:53:58,analyst_b,UPDATE,RESULTS,Analyst,RES-55416,Standard entry per SOP-01,6.96
2025-11-08 21:11:40,analyst_c,UPDATE,RESULTS,Analyst,RES-42976,Standard entry per SOP-01,7.0
2025-11-08 21:37:57,analyst_d,UPDATE,RESULTS,Analyst,RES-97472,Standard entry per SOP-01,7.45
2025-11-08 23:30:25,analyst_e,UPDATE,RESULTS,Analyst,RES-26679,Standard entry per SOP-01,7.22
2025-11-09 00:25:24,analyst_c,UPDATE,RESULTS,Analyst,RES-58573,Standard entry per SOP-01,6.94
2025-11-09 08:19:37,analyst_b,UPDATE,RESULTS,Analyst,RES-30384,Standard entry per SOP-01,6.97
2025-11-09 13:48:57,analyst_a,UPDATE,RESULTS,Analyst,RES-19037,Standard entry per SOP-01,7.03
2025-11-09 16:42:03,analyst_d,UPDATE,RESULTS,Analyst,RES-20724,Standard entry per SOP-01,7.02
2025-11-09 20:42:59,analyst_b,UPDATE,RESULTS,Analyst,RES-77706,Standard entry per SOP-01,6.81
2025-11-09 21:02:57,analyst_d,UPDATE,RESULTS,Analyst,RES-50451,Standard entry per SOP-01,6.84
2025-11-09 21:16:35,analyst_b,UPDATE,RESULTS,Analyst,RES-53633,Standard entry per SOP-01,6.62
2025-11-10 00:28:03,analyst_c,UPDATE,RESULTS,Analyst,RES-30163,Standard entry per SOP-01,6.51
2025-11-10 05:02:56,analyst_e,UPDATE,RESULTS,Analyst,RES-32304,Standard entry per SOP-01,7.09
2025-11-10 05:41:14,analyst_d,UPDATE,RESULTS,Analyst,RES-20769,Standard entry per SOP-01,6.61
2025-11-10 06:45:12,analyst_d,UPDATE,RESULTS,Analyst,RES-36498,Standard entry per SOP-01,7.08
2025-11-10 12:13:03,analyst_a,UPDATE,RESULTS,Analyst,RES-50932,Standard entry per SOP-01,6.63
2025-11-10 13:19:26,analyst_b,UPDATE,RESULTS,Analyst,RES-90191,Standard entry per SOP-01,6.76
2025-11-10 15:25:00,analyst_c,UPDATE,RESULTS,Analyst,RES-72007,Standard entry per SOP-01,7.32
2025-11-10 19:12:13,analyst_e,UPDATE,RESULTS,Analyst,RES-85392,Standard entry per SOP-01,6.69
2025-11-10 19:46:53,analyst_d,UPDATE,RESULTS,Analyst,RES-11105,Standard entry per SOP-01,6.64
2025-11-10 20:46:48,analyst_b,UPDATE,RESULTS,Analyst,RES-87582,Standard entry per SOP-01,6.7
2025-11-11 05:18:56,analyst_e,UPDATE,RESULTS,Analyst,RES-50176,Standard entry per SOP-01,7.13
2025-11-11 06:22:30,analyst_d,UPDATE,RESULTS,Analyst,RES-38451,Standard entry per SOP-01,7.13
2025-11-11 09:41:38,analyst_d,UPDATE,RESULTS,Analyst,RES-34549,Standard entry per SOP-01,6.53
2025-11-11 11:18:13,analyst_c,UPDATE,RESULTS,Analyst,RES-16929,Standard entry per SOP-01,6.55
2025-11-11 11:23:12,analyst_b,UPDATE,RESULTS,Analyst,RES-84824,Standard entry per SOP-01,6.98
2025-11-11 11:33:03,analyst_e,UPDATE,RESULTS,Analyst,RES-52468,Standard entry per SOP-01,6.92
2025-11-11 15:09:23,analyst_c,UPDATE,RESULTS,Analyst,RES-22012,Standard entry per SOP-01,7.0
2025-11-11 16:13:17,analyst_c,UPDATE,RESULTS,Analyst,RES-23681,Standard entry per SOP-01,7.04
2025-11-11 21:28:16,analyst_c,UPDATE,RESULTS,Analyst,RES-11058,Standard entry per SOP-01,7.29
2025-11-12 04:11:35,analyst_b,UPDATE,RESULTS,Analyst,RES-12852,Standard entry per SOP-01,6.77
2025-11-12 04:12:09,analyst_b,UPDATE,RESULTS,Analyst,RES-98027,Standard entry per SOP-01,6.96
2025-11-12 04:13:47,analyst_b,UPDATE,RESULTS,Analyst,RES-86143,Standard entry per SOP-01,7.05
2025-11-12 07:27:54,analyst_c,UPDATE,RESULTS,Analyst,RES-53192,Standard entry per SOP-01,7.38
2025-11-12 08:12:35,analyst_e,UPDATE,RESULTS,Analyst,RES-12617,Standard entry per SOP-01,7.24
2025-11-12 13:19:01,analyst_e,UPDATE,RESULTS,Analyst,RES-30424,Standard entry per SOP-01,6.81
2025-11-12 13:52:18,analyst_e,UPDATE,RESULTS,Analyst,RES-11912,Standard entry per SOP-01,6.77
2025-11-12 19:13:20,analyst_d,UPDATE,RESULTS,Analyst,RES-18502,Standard entry per SOP-01,6.94
2025-11-12 19:26:04,analyst_b,UPDATE,RESULTS,Analyst,RES-52363,Standard entry per SOP-01,6.71
2025-11-12 20:24:58,analyst_a,UPDATE,RESULTS,Analyst,RES-78986,Standard entry per SOP-01,7.32
2025-11-12 20:37:19,analyst_d,UPDATE,RESULTS,Analyst,RES-75565,Standard entry per SOP-01,6.74
2025-11-12 21:00:45,analyst_c,UPDATE,RESULTS,Analyst,RES-88571,Standard entry per SOP-01,6.74
2025-11-13 02:09:34,analyst_c,UPDATE,RESULTS,Analyst,RES-72366,Standard entry per SOP-01,7.45
2025-11-13 10:11:47,analyst_d,UPDATE,RESULTS,Analyst,RES-99365,Standard entry per SOP-01,7.43
2025-11-13 23:43:19,analyst_e,UPDATE,RESULTS,Analyst,RES-81592,Standard entry per SOP-01,6.7
2025-11-14 06:37:58,analyst_d,UPDATE,RESULTS,Analyst,RES-75973,Standard entry per SOP-01,7.37
2025-11-14 07:07:40,analyst_b,UPDATE,RESULTS,Analyst,RES-46772,Standard entry per SOP-01,6.61
2025-11-14 07:39:20,analyst_b,UPDATE,RESULTS,Analyst,RES-15468,Standard entry per SOP-01,6.78
2025-11-14 07:43:15,analyst_d,UPDATE,RESULTS,Analyst,RES-93309,Standard entry per SOP-01,6.82
2025-11-14 07:58:27,analyst_b,UPDATE,RESULTS,Analyst,RES-20364,Standard entry per SOP-01,7.02
2025-11-14 12:34:04,analyst_b,UPDATE,RESULTS,Analyst,RES-91185,Standard entry per SOP-01,7.11
2025-11-14 19:46:06,analyst_d,UPDATE,RESULTS,Analyst,RES-45471,Standard entry per SOP-01,7.21
2025-11-14 21:45:08,analyst_a,UPDATE,RESULTS,Analyst,RES-41631,Standard entry per SOP-01,6.79
2025-11-14 23:46:24,analyst_b,UPDATE,RESULTS,Analyst,RES-31646,Standard entry per SOP-01,7.42
2025-11-15 02:44:05,analyst_d,UPDATE,RESULTS,Analyst,RES-61195,Standard entry per SOP-01,6.51
2025-11-15 04:46:52,analyst_e,UPDATE,RESULTS,Analyst,RES-32480,Standard entry per SOP-01,6.76
2025-11-15 07:29:33,analyst_a,UPDATE,RESULTS,Analyst,RES-26899,Standard entry per SOP-01,7.38
2025-11-15 08:27:33,analyst_a,UPDATE,RESULTS,Analyst,RES-47029,Standard entry per SOP-01,7.36
2025-11-15 09:32:19,analyst_a,UPDATE,RESULTS,Analyst,RES-55374,Standard entry per SOP-01,6.51
2025-11-15 10:33:53,analyst_c,UPDATE,RESULTS,Analyst,RES-49201,Standard entry per SOP-01,7.24
2025-11-15 12:47:17,analyst_e,UPDATE,RESULTS,Analyst,RES-94938,Standard entry per SOP-01,6.82
2025-11-15 13:30:30,analyst_a,UPDATE,RESULTS,Analyst,RES-74961,Standard entry per SOP-01,6.98
2025-11-15 20:00:00,analyst_b,UPDATE,RESULTS,Analyst,RES-32652,Standard entry per SOP-01,6.53
2025-11-15 21:29:35,analyst_a,UPDATE,RESULTS,Analyst,RES-19500,Standard entry per SOP-01,7.47
2025-11-15 22:31:45,analyst_b,UPDATE,RESULTS,Analyst,RES-38209,Standard entry per SOP-01,7.2
2025-11-16 04:25:40,analyst_b,UPDATE,RESULTS,Analyst,RES-74007,Standard entry per SOP-01,6.67
2025-11-16 06:26:43,analyst_b,UPDATE,RESULTS,Analyst,RES-15090,Standard entry per SOP-01,6.77
2025-11-16 10:43:47,analyst_e,UPDATE,RESULTS,Analyst,RES-38409,Standard entry per SOP-01,6.54
2025-11-16 15:52:26,analyst_b,UPDATE,RESULTS,Analyst,RES-83127,Standard entry per SOP-01,7.43
2025-11-16 19:58:11,analyst_d,UPDATE,RESULTS,Analyst,RES-73244,Standard entry per SOP-01,7.28
2025-11-16 20:36:56,analyst_b,UPDATE,RESULTS,Analyst,RES-79866,Standard entry per SOP-01,7.47
2025-11-17 04:05:27,analyst_c,UPDATE,RESULTS,Analyst,RES-83417,Standard entry per SOP-01,7.31
2025-11-17 04:51:26,analyst_c,UPDATE,RESULTS,Analyst,RES-20733,Standard entry per SOP-01,7.3
2025-11-17 06:46:41,analyst_d,UPDATE,RESULTS,Analyst,RES-44182,Standard entry per SOP-01,7.16
2025-11-17 08:12:03,analyst_c,UPDATE,RESULTS,Analyst,RES-62344,Standard entry per SOP-01,6.57
2025-11-17 11:22:00,analyst_d,UPDATE,RESULTS,Analyst,RES-92522,Standard entry per SOP-01,7.14
2025-11-17 12:21:26,analyst_d,UPDATE,RESULTS,Analyst,RES-18163,Standard entry per SOP-01,6.73
2025-11-17 12:39:41,analyst_d,UPDATE,RESULTS,Analyst,RES-56477,Standard entry per SOP-01,6.84
2025-11-17 15:53:08,analyst_a,UPDATE,RESULTS,Analyst,RES-85671,Standard entry per SOP-01,6.59
2025-11-17 15:59:26,analyst_d,UPDATE,RESULTS,Analyst,RES-16521,Standard entry per SOP-01,6.58
2025-11-17 16:18:35,analyst_e,UPDATE,RESULTS,Analyst,RES-92421,Standard entry per SOP-01,6.54
2025-11-17 16:23:26,analyst_e,UPDATE,RESULTS,Analyst,RES-32759,Standard entry per SOP-01,7.4
2025-11-17 16:39:48,analyst_b,UPDATE,RESULTS,Analyst,RES-75093,Standard entry per SOP-01,7.38
2025-11-17 20:20:15,analyst_c,UPDATE,RESULTS,Analyst,RES-67063,Standard entry per SOP-01,7.12
2025-11-17 20:48:00,analyst_c,UPDATE,RESULTS,Analyst,RES-99267,Standard entry per SOP-01,7.23
2025-11-17 22:07:34,analyst_b,UPDATE,RESULTS,Analyst,RES-83767,Standard entry per SOP-01,6.74
2025-11-17 23:21:13,analyst_a,UPDATE,RESULTS,Analyst,RES-23305,Standard entry per SOP-01,7.25
2025-11-18 01:19:32,analyst_c,UPDATE,RESULTS,Analyst,RES-14149,Standard entry per SOP-01,7.36
2025-11-18 03:23:47,analyst_c,UPDATE,RESULTS,Analyst,RES-94560,Standard entry per SOP-01,7.07
2025-11-18 05:05:59,analyst_e,UPDATE,RESULTS,Analyst,RES-42833,Standard entry per SOP-01,6.94
2025-11-18 06:16:01,analyst_e,UPDATE,RESULTS,Analyst,RES-21538,Standard entry per SOP-01,7.09
2025-11-18 07:10:21,analyst_d,UPDATE,RESULTS,Analyst,RES-58322,Standard entry per SOP-01,6.51
2025-11-18 07:24:38,analyst_a,UPDATE,RESULTS,Analyst,RES-43916,Standard entry per SOP-01,7.06
2025-11-18 08:50:37,analyst_e,UPDATE,RESULTS,Analyst,RES-75015,Standard entry per SOP-01,6.69
2025-11-18 10:06:03,analyst_c,UPDATE,RESULTS,Analyst,RES-59457,Standard entry per SOP-01,6.6
2025-11-18 10:33:01,analyst_d,UPDATE,RESULTS,Analyst,RES-85337,Standard entry per SOP-01,6.97
2025-11-18 11:37:45,analyst_e,UPDATE,RESULTS,Analyst,RES-44681,Standard entry per SOP-01,7.07
2025-11-18 12:43:45,analyst_d,UPDATE,RESULTS,Analyst,RES-70912,Standard entry per SOP-01,6.94
2025-11-18 15:49:14,analyst_c,UPDATE,RESULTS,Analyst,RES-33642,Standard entry per SOP-01,6.53
2025-11-18 16:58:42,analyst_d,UPDATE,RESULTS,Analyst,RES-21664,Standard entry per SOP-01,7.16
2025-11-18 18:06:08,analyst_e,UPDATE,RESULTS,Analyst,RES-60608,Standard entry per SOP-01,7.26
2025-11-18 19:36:08,analyst_a,UPDATE,RESULTS,Analyst,RES-23204,Standard entry per SOP-01,6.59
2025-11-18 19:51:07,analyst_a,UPDATE,RESULTS,Analyst,RES-19005,Standard entry per SOP-01,7.19
2025-11-18 20:28:33,analyst_a,UPDATE,RESULTS,Analyst,RES-28391,Standard entry per SOP-01,6.75
2025-11-18 22:49:35,analyst_a,UPDATE,RESULTS,Analyst,RES-24907,Standard entry per SOP-01,6.69
2025-11-18 22:58:46,analyst_b,UPDATE,RESULTS,Analyst,RES-47751,Standard entry per SOP-01,7.31
2025-11-18 23:43:49,analyst_d,UPDATE,RESULTS,Analyst,RES-64342,Standard entry per SOP-01,6.63
2025-11-19 00:16:22,analyst_b,UPDATE,RESULTS,Analyst,RES-67727,Standard entry per SOP-01,6.96
2025-11-19 00:34:19,analyst_e,UPDATE,RESULTS,Analyst,RES-93935,Standard entry per SOP-01,7.11
2025-11-19 02:02:16,analyst_b,UPDATE,RESULTS,Analyst,RES-99427,Standard entry per SOP-01,7.24
2025-11-19 12:22:59,analyst_c,UPDATE,RESULTS,Analyst,RES-91240,Standard entry per SOP-01,6.69
2025-11-19 12:50:05,analyst_a,UPDATE,RESULTS,Analyst,RES-7857,fixed,7.0
2025-11-19 12:53:14,analyst_e,UPDATE,RESULTS,Analyst,RES-63154,Standard entry per SOP-01,7.45
2025-11-19 14:47:44,analyst_b,UPDATE,RESULTS,Analyst,RES-61140,Standard entry per SOP-01,6.8
2025-11-19 15:00:02,analyst_c,UPDATE,RESULTS,Analyst,RES-28446,Standard entry per SOP-01,6.52
2025-11-19 15:07:35,analyst_a,UPDATE,RESULTS,Analyst,RES-37034,Standard entry per SOP-01,7.45
2025-11-19 15:23:25,analyst_e,UPDATE,RESULTS,Analyst,RES-34998,Standard entry per SOP-01,7.41
2025-11-19 15:46:46,analyst_c,UPDATE,RESULTS,Analyst,RES-56020,Standard entry per SOP-01,6.92
2025-11-19 20:31:04,analyst_e,UPDATE,RESULTS,Analyst,RES-61249,Standard entry per SOP-01,6.9
2025-11-19 23:05:38,analyst_a,UPDATE,RESULTS,Analyst,RES-89609,Standard entry per SOP-01,6.84
2025-11-20 02:18:13,analyst_a,UPDATE,RESULTS,Analyst,RES-72666,Standard entry per SOP-01,7.38
2025-11-20 06:43:41,analyst_a,UPDATE,RESULTS,Analyst,RES-54048,Standard entry per SOP-01,6.53
2025-11-20 10:18:25,analyst_d,UPDATE,RESULTS,Analyst,RES-79365,Standard entry per SOP-01,6.63
2025-11-20 17:37:47,analyst_a,UPDATE,RESULTS,Analyst,RES-60209,Standard entry per SOP-01,6.95
2025-11-20 19:20:11,analyst_b,UPDATE,RESULTS,Analyst,RES-51599,Standard entry per SOP-01,6.57
2025-11-20 23:49:46,analyst_c,UPDATE,RESULTS,Analyst,RES-25325,Standard entry per SOP-01,6.99
2025-11-21 02:06:12,analyst_d,UPDATE,RESULTS,Analyst,RES-99859,Standard entry per SOP-01,6.78
2025-11-21 08:44:04,analyst_b,UPDATE,RESULTS,Analyst,RES-46432,Standard entry per SOP-01,6.98
2025-11-21 08:51:15,analyst_b,UPDATE,RESULTS,Analyst,RES-27396,Standard entry per SOP-01,7.35
2025-11-21 11:14:58,analyst_e,UPDATE,RESULTS,Analyst,RES-90421,Standard entry per SOP-01,7.37
2025-11-21 12:42:41,analyst_c,UPDATE,RESULTS,Analyst,RES-82291,Standard entry per SOP-01,7.13
2025-11-22 01:27:33,analyst_d,UPDATE,RESULTS,Analyst,RES-99055,Standard entry per SOP-01,6.73
2025-11-22 03:03:32,analyst_d,UPDATE,RESULTS,Analyst,RES-67804,Standard entry per SOP-01,7.3
2025-11-22 03:33:01,analyst_c,UPDATE,RESULTS,Analyst,RES-52534,Standard entry per SOP-01,6.52
2025-11-22 04:16:02,analyst_a,UPDATE,RESULTS,Analyst,RES-46633,Standard entry per SOP-01,6.59
2025-11-22 05:34:21,analyst_e,UPDATE,RESULTS,Analyst,RES-51553,Standard entry per SOP-01,6.72
2025-11-22 05:44:22,analyst_e,UPDATE,RESULTS,Analyst,RES-31593,Standard entry per SOP-01,7.14
2025-11-22 08:27:33,analyst_d,UPDATE,RESULTS,Analyst,RES-50318,Standard entry per SOP-01,6.57
2025-11-22 09:20:43,analyst_e,UPDATE,RESULTS,Analyst,RES-94414,Standard entry per SOP-01,7.39
2025-11-22 10:53:43,analyst_c,UPDATE,RESULTS,Analyst,RES-25665,Standard entry per SOP-01,6.91
2025-11-22 16:01:45,analyst_b,UPDATE,RESULTS,Analyst,RES-70732,Standard entry per SOP-01,6.69
2025-11-22 19:52:11,analyst_a,UPDATE,RESULTS,Analyst,RES-10033,Standard entry per SOP-01,7.11
2025-11-22 20:28:52,analyst_e,UPDATE,RESULTS,Analyst,RES-14296,Standard entry per SOP-01,7.28
2025-11-22 20:40:23,analyst_a,UPDATE,RESULTS,Analyst,RES-25899,Standard entry per SOP-01,6.9
2025-11-22 21:55:28,analyst_a,UPDATE,RESULTS,Analyst,RES-28340,Standard entry per SOP-01,7.02
2025-11-22 22:40:42,analyst_b,UPDATE,RESULTS,Analyst,RES-47097,Standard entry per SOP-01,7.13
2025-11-23 09:15:52,analyst_d,UPDATE,RESULTS,Analyst,RES-15461,Standard entry per SOP-01,6.93
2025-11-23 09:56:56,analyst_d,UPDATE,RESULTS,Analyst,RES-79855,Standard entry per SOP-01,6.95
2025-11-23 12:00:11,analyst_a,UPDATE,RESULTS,Analyst,RES-21935,Standard entry per SOP-01,7.28
2025-11-23 16:45:18,analyst_e,UPDATE,RESULTS,Analyst,RES-64566,Standard entry per SOP-01,7.16
2025-11-23 18:16:29,analyst_d,UPDATE,RESULTS,Analyst,RES-74370,Standard entry per SOP-01,6.92
2025-11-23 22:27:24,analyst_a,UPDATE,RESULTS,Analyst,RES-75356,Standard entry per SOP-01,7.46
2025-11-23 23:50:20,analyst_d,UPDATE,RESULTS,Analyst,RES-39095,Standard entry per SOP-01,6.53
2025-11-24 04:57:37,analyst_e,UPDATE,RESULTS,Analyst,RES-73917,Standard entry per SOP-01,7.5
2025-11-24 06:52:23,analyst_b,UPDATE,RESULTS,Analyst,RES-13105,Standard entry per SOP-01,7.15
2025-11-24 07:16:07,analyst_e,UPDATE,RESULTS,Analyst,RES-82655,Standard entry per SOP-01,7.0
2025-11-24 08:17:54,analyst_d,UPDATE,RESULTS,Analyst,RES-83877,Standard entry per SOP-01,7.01
2025-11-24 08:18:13,analyst_a,UPDATE,RESULTS,Analyst,RES-22465,Standard entry per SOP-01,6.6
2025-11-24 09:37:43,analyst_e,UPDATE,RESULTS,Analyst,RES-83325,Standard entry per SOP-01,6.69
2025-11-24 14:49:20,analyst_a,UPDATE,RESULTS,Analyst,RES-70120,Standard entry per SOP-01,6.8
2025-11-24 16:52:49,analyst_d,UPDATE,RESULTS,Analyst,RES-87101,Standard entry per SOP-01,6.59
2025-11-24 17:26:15,analyst_b,UPDATE,RESULTS,Analyst,RES-62053,Standard entry per SOP-01,7.45
2025-11-24 18:16:53,analyst_e,UPDATE,RESULTS,Analyst,RES-72167,Standard entry per SOP-01,7.28
2025-11-24 19:35:19,analyst_e,UPDATE,RESULTS,Analyst,RES-16371,Standard entry per SOP-01,6.59
2025-11-25 02:40:17,analyst_c,UPDATE,RESULTS,Analyst,RES-72659,Standard entry per SOP-01,7.14
2025-11-25 02:44:20,analyst_c,UPDATE,RESULTS,Analyst,RES-99870,Standard entry per SOP-01,7.22
2025-11-25 03:18:23,analyst_a,UPDATE,RESULTS,Analyst,RES-33425,Standard entry per SOP-01,7.34
2025-11-25 05:13:55,analyst_a,UPDATE,RESULTS,Analyst,RES-80691,Standard entry per SOP-01,7.14
2025-11-25 05:29:02,analyst_b,UPDATE,RESULTS,Analyst,RES-40750,Standard entry per SOP-01,6.55
2025-11-25 07:03:42,analyst_d,UPDATE,RESULTS,Analyst,RES-23676,Standard entry per SOP-01,6.84
2025-11-25 10:14:10,analyst_e,UPDATE,RESULTS,Analyst,RES-50774,Standard entry per SOP-01,6.77
2025-11-25 13:09:44,analyst_a,UPDATE,RESULTS,Analyst,RES-93088,Standard entry per SOP-01,6.77
2025-11-25 14:19:29,analyst_c,UPDATE,RESULTS,Analyst,RES-39862,Standard entry per SOP-01,7.27
2025-11-25 15:40:11,analyst_c,UPDATE,RESULTS,Analyst,RES-30354,Standard entry per SOP-01,7.19
2025-11-25 20:14:16,analyst_c,UPDATE,RESULTS,Analyst,RES-80411,Standard entry per SOP-01,6.94
2025-11-25 22:44:26,analyst_e,UPDATE,RESULTS,Analyst,RES-78701,Standard entry per SOP-01,7.4
2025-11-26 01:47:14,analyst_a,UPDATE,RESULTS,Analyst,RES-26291,Standard entry per SOP-01,6.6
2025-11-26 02:31:53,analyst_e,UPDATE,RESULTS,Analyst,RES-90210,Standard entry per SOP-01,7.29
2025-11-26 02:40:27,analyst_a,UPDATE,RESULTS,Analyst,RES-29490,Standard entry per SOP-01,6.88
2025-11-26 04:33:34,analyst_d,UPDATE,RESULTS,Analyst,RES-50854,Standard entry per SOP-01,7.23
2025-11-26 05:39:23,analyst_c,UPDATE,RESULTS,Analyst,RES-44868,Standard entry per SOP-01,7.3
2025-11-26 05:49:24,analyst_b,UPDATE,RESULTS,Analyst,RES-53803,Standard entry per SOP-01,7.29
2025-11-26 07:18:06,analyst_d,UPDATE,RESULTS,Analyst,RES-52887,Standard entry per SOP-01,7.29
2025-11-26 08:38:04,analyst_a,UPDATE,RESULTS,Analyst,RES-47291,Standard entry per SOP-01,7.35
2025-11-26 10:32:47,analyst_a,UPDATE,RESULTS,Analyst,RES-23418,Standard entry per SOP-01,6.61
2025-11-26 11:46:26,analyst_d,UPDATE,RESULTS,Analyst,RES-37285,Standard entry per SOP-01,7.16
2025-11-26 13:55:58,analyst_c,UPDATE,RESULTS,Analyst,RES-20734,Standard entry per SOP-01,7.37
2025-11-26 17:25:06,analyst_e,UPDATE,RESULTS,Analyst,RES-89705,Standard entry per SOP-01,7.29
2025-11-26 18:04:05,analyst_b,UPDATE,RESULTS,Analyst,RES-25038,Standard entry per SOP-01,7.42
2025-11-26 20:35:11,analyst_a,UPDATE,RESULTS,Analyst,RES-27723,Standard entry per SOP-01,7.15
2025-11-27 01:50:40,analyst_c,UPDATE,RESULTS,Analyst,RES-35947,Standard entry per SOP-01,6.95
2025-11-27 02:08:34,analyst_a,UPDATE,RESULTS,Analyst,RES-17863,Standard entry per SOP-01,7.17
2025-11-27 04:53:24,analyst_b,UPDATE,RESULTS,Analyst,RES-60984,Standard entry per SOP-01,6.84
2025-11-27 05:00:51,analyst_b,UPDATE,RESULTS,Analyst,RES-48061,Standard entry per SOP-01,7.25
2025-11-27 06:27:40,analyst_d,UPDATE,RESULTS,Analyst,RES-35066,Standard entry per SOP-01,6.93
2025-11-27 07:23:35,analyst_d,UPDATE,RESULTS,Analyst,RES-26278,Standard entry per SOP-01,6.68
2025-11-27 07:35:09,analyst_e,UPDATE,RESULTS,Analyst,RES-28709,Standard entry per SOP-01,6.62
2025-11-27 10:38:21,analyst_c,UPDATE,RESULTS,Analyst,RES-35970,Standard entry per SOP-01,7.1
2025-11-27 11:09:47,analyst_a,UPDATE,RESULTS,Analyst,RES-93896,Standard entry per SOP-01,6.64
2025-11-27 13:25:21,analyst_b,UPDATE,RESULTS,Analyst,RES-29568,Standard entry per SOP-01,6.54
2025-11-27 13:52:04,analyst_b,UPDATE,RESULTS,Analyst,RES-13763,Standard entry per SOP-01,6.84
2025-11-27 14:11:17,analyst_b,UPDATE,RESULTS,Analyst,RES-98403,Standard entry per SOP-01,6.58
2025-11-27 15:01:12,analyst_b,UPDATE,RESULTS,Analyst,RES-73621,Standard entry per SOP-01,7.5
2025-11-27 15:24:15,analyst_b,UPDATE,RESULTS,Analyst,RES-83724,Standard entry per SOP-01,6.85
2025-11-27 18:19:03,analyst_d,UPDATE,RESULTS,Analyst,RES-41768,Standard entry per SOP-01,7.43
2025-11-27 21:16:03,analyst_c,UPDATE,RESULTS,Analyst,RES-84741,Standard entry per SOP-01,6.91
2025-11-27 21:19:15,analyst_e,UPDATE,RESULTS,Analyst,RES-67954,Standard entry per SOP-01,6.67
2025-11-27 23:46:06,analyst_a,UPDATE,RESULTS,Analyst,RES-53088,Standard entry per SOP-01,7.4
2025-11-28 00:58:52,analyst_a,UPDATE,RESULTS,Analyst,RES-33529,Standard entry per SOP-01,6.82
2025-11-28 05:13:17,analyst_c,UPDATE,RESULTS,Analyst,RES-69894,Standard entry per SOP-01,7.48
2025-11-28 05:24:19,analyst_b,UPDATE,RESULTS,Analyst,RES-61660,Standard entry per SOP-01,7.36
2025-11-28 10:57:35,analyst_c,UPDATE,RESULTS,Analyst,RES-85866,Standard entry per SOP-01,6.74
2025-11-28 11:51:06,analyst_b,UPDATE,RESULTS,Analyst,RES-92790,Standard entry per SOP-01,7.47
2025-11-28 13:08:28,analyst_e,UPDATE,RESULTS,Analyst,RES-15688,Standard entry per SOP-01,6.72
2025-11-28 15:35:13,analyst_c,UPDATE,RESULTS,Analyst,RES-12491,Standard entry per SOP-01,7.25
2025-11-28 18:19:16,analyst_c,UPDATE,RESULTS,Analyst,RES-98165,Standard entry per SOP-01,7.04
2025-11-28 19:28:22,analyst_b,UPDATE,RESULTS,Analyst,RES-72072,Standard entry per SOP-01,7.46
2025-11-28 19:29:50,analyst_a,UPDATE,RESULTS,Analyst,RES-36940,Standard entry per SOP-01,6.53
2025-11-28 21:20:57,analyst_b,UPDATE,RESULTS,Analyst,RES-52159,Standard entry per SOP-01,6.91
2025-11-28 21:38:45,analyst_a,UPDATE,RESULTS,Analyst,RES-64570,Standard entry per SOP-01,6.81
2025-11-29 00:32:08,analyst_d,UPDATE,RESULTS,Analyst,RES-85820,Standard entry per SOP-01,6.69
2025-11-29 05:20:12,analyst_d,UPDATE,RESULTS,Analyst,RES-16489,Standard entry per SOP-01,7.23
2025-11-29 07:28:15,analyst_c,UPDATE,RESULTS,Analyst,RES-82410,Standard entry per SOP-01,6.78
2025-11-29 08:25:19,analyst_e,UPDATE,RESULTS,Analyst,RES-94082,Standard entry per SOP-01,6.61
2025-11-29 10:45:51,analyst_d,UPDATE,RESULTS,Analyst,RES-35266,Standard entry per SOP-01,7.39
2025-11-29 10:50:27,analyst_a,UPDATE,RESULTS,Analyst,RES-56008,Standard entry per SOP-01,6.79
2025-11-29 11:00:41,analyst_b,UPDATE,RESULTS,Analyst,RES-85409,Standard entry per SOP-01,7.0
2025-11-29 15:52:48,analyst_b,UPDATE,RESULTS,Analyst,RES-28525,Standard entry per SOP-01,7.34
2025-11-29 16:34:06,analyst_e,UPDATE,RESULTS,Analyst,RES-49173,Standard entry per SOP-01,6.58
2025-11-29 19:33:22,analyst_b,UPDATE,RESULTS,Analyst,RES-45630,Standard entry per SOP-01,7.47
2025-11-29 21:56:43,analyst_e,UPDATE,RESULTS,Analyst,RES-48713,Standard entry per SOP-01,6.64
2025-11-30 01:28:21,analyst_d,UPDATE,RESULTS,Analyst,RES-33065,Standard entry per SOP-01,7.4
2025-11-30 02:18:35,analyst_d,UPDATE,RESULTS,Analyst,RES-65775,Standard entry per SOP-01,7.22
2025-11-30 04:05:19,analyst_a,UPDATE,RESULTS,Analyst,RES-71349,Standard entry per SOP-01,6.98
2025-11-30 04:33:00,analyst_b,UPDATE,RESULTS,Analyst,RES-57409,Standard entry per SOP-01,7.14
2025-11-30 06:59:51,analyst_e,UPDATE,RESULTS,Analyst,RES-64476,Standard entry per SOP-01,7.29
2025-11-30 09:54:35,analyst_b,UPDATE,RESULTS,Analyst,RES-55718,Standard entry per SOP-01,6.78
2025-11-30 10:59:19,analyst_b,UPDATE,RESULTS,Analyst,RES-40531,Standard entry per SOP-01,6.97
2025-11-30 12:15:54,analyst_b,UPDATE,RESULTS,Analyst,RES-96086,Standard entry per SOP-01,7.49
2025-11-30 14:35:15,analyst_c,UPDATE,RESULTS,Analyst,RES-81271,Standard entry per SOP-01,6.57
2025-11-30 15:55:21,analyst_b,UPDATE,RESULTS,Analyst,RES-95605,Standard entry per SOP-01,7.08
2025-11-30 16:02:36,analyst_c,UPDATE,RESULTS,Analyst,RES-17867,Standard entry per SOP-01,7.03
2025-11-30 16:59:33,analyst_e,UPDATE,RESULTS,Analyst,RES-65469,Standard entry per SOP-01,6.99
2025-11-30 21:16:50,analyst_a,UPDATE,RESULTS,Analyst,RES-42154,Standard entry per SOP-01,7.26
2025-11-30 21:26:32,analyst_b,UPDATE,RESULTS,Analyst,RES-41517,Standard entry per SOP-01,7.08
2025-11-30 21:28:53,analyst_e,UPDATE,RESULTS,Analyst,RES-68463,Standard entry per SOP-01,7.42
2025-11-30 22:22:54,analyst_e,UPDATE,RESULTS,Analyst,RES-71695,Standard entry per SOP-01,6.59
2025-11-30 23:31:57,analyst_c,UPDATE,RESULTS,Analyst,RES-24466,Standard entry per SOP-01,7.07
2025-12-01 01:48:29,analyst_d,UPDATE,RESULTS,Analyst,RES-17529,Standard entry per SOP-01,6.64
2025-12-01 05:45:58,analyst_a,UPDATE,RESULTS,Analyst,RES-31433,Standard entry per SOP-01,7.39
2025-12-01 12:49:13,analyst_c,UPDATE,RESULTS,Analyst,RES-37572,Standard entry per SOP-01,7.02
2025-12-01 14:34:35,analyst_b,UPDATE,RESULTS,Analyst,RES-91417,Standard entry per SOP-01,6.77
2025-12-01 14:46:30,analyst_e,UPDATE,RESULTS,Analyst,RES-76652,Standard entry per SOP-01,7.43
2025-12-01 22:44:00,analyst_c,UPDATE,RESULTS,Analyst,RES-72209,Standard entry per SOP-01,7.3
2025-12-02 05:25:40,analyst_b,UPDATE,RESULTS,Analyst,RES-71686,Standard entry per SOP-01,7.27
2025-12-02 06:33:23,analyst_d,UPDATE,RESULTS,Analyst,RES-79516,Standard entry per SOP-01,6.63
2025-12-02 07:50:14,analyst_e,UPDATE,RESULTS,Analyst,RES-59035,Standard entry per SOP-01,6.88
2025-12-02 10:21:30,analyst_a,UPDATE,RESULTS,Analyst,RES-64006,Standard entry per SOP-01,6.79
2025-12-02 13:01:31,analyst_a,UPDATE,RESULTS,Analyst,RES-51453,Standard entry per SOP-01,6.83
2025-12-02 13:24:15,analyst_b,UPDATE,RESULTS,Analyst,RES-79745,Standard entry per SOP-01,6.77
2025-12-02 19:08:46,analyst_e,UPDATE,RESULTS,Analyst,RES-22963,Standard entry per SOP-01,7.17
2025-12-02 20:44:12,analyst_e,UPDATE,RESULTS,Analyst,RES-62590,Standard entry per SOP-01,6.81
2025-12-02 22:11:32,analyst_b,UPDATE,RESULTS,Analyst,RES-97899,Standard entry per SOP-01,7.13
2025-12-03 06:18:29,analyst_c,UPDATE,RESULTS,Analyst,RES-95619,Standard entry per SOP-01,7.3
2025-12-03 11:33:37,analyst_e,UPDATE,RESULTS,Analyst,RES-40154,Standard entry per SOP-01,6.85
2025-12-03 14:44:50,analyst_d,UPDATE,RESULTS,Analyst,RES-21192,Standard entry per SOP-01,7.37
2025-12-03 16:03:50,analyst_b,UPDATE,RESULTS,Analyst,RES-23303,Standard entry per SOP-01,7.04
2025-12-03 18:42:28,analyst_c,UPDATE,RESULTS,Analyst,RES-14115,Standard entry per SOP-01,6.68
2025-12-03 19:32:48,analyst_c,UPDATE,RESULTS,Analyst,RES-88737,Standard entry per SOP-01,7.31
2025-12-03 22:59:34,analyst_b,UPDATE,RESULTS,Analyst,RES-67599,Standard entry per SOP-01,7.23
2025-12-04 01:00:38,analyst_c,UPDATE,RESULTS,Analyst,RES-39377,Standard entry per SOP-01,7.29
2025-12-04 01:08:46,analyst_d,UPDATE,RESULTS,Analyst,RES-52548,Standard entry per SOP-01,7.27
2025-12-04 01:12:28,analyst_d,UPDATE,RESULTS,Analyst,RES-67254,Standard entry per SOP-01,6.71
2025-12-04 02:28:50,analyst_e,UPDATE,RESULTS,Analyst,RES-13308,Standard entry per SOP-01,6.81
2025-12-04 02:51:50,analyst_d,UPDATE,RESULTS,Analyst,RES-30820,Standard entry per SOP-01,6.6
2025-12-04 03:22:25,analyst_d,UPDATE,RESULTS,Analyst,RES-47784,Standard entry per SOP-01,6.68
2025-12-04 05:43:42,analyst_b,UPDATE,RESULTS,Analyst,RES-63827,Standard entry per SOP-01,6.53
2025-12-04 06:33:04,analyst_a,UPDATE,RESULTS,Analyst,RES-64672,Standard entry per SOP-01,6.55
2025-12-04 11:54:41,analyst_d,UPDATE,RESULTS,Analyst,RES-43529,Standard entry per SOP-01,6.71
2025-12-04 14:40:56,analyst_b,UPDATE,RESULTS,Analyst,RES-82760,Standard entry per SOP-01,6.5
2025-12-04 15:50:30,analyst_d,UPDATE,RESULTS,Analyst,RES-35617,Standard entry per SOP-01,7.21
2025-12-04 17:41:27,analyst_b,UPDATE,RESULTS,Analyst,RES-79124,Standard entry per SOP-01,6.52
2025-12-04 23:31:22,analyst_e,UPDATE,RESULTS,Analyst,RES-32792,Standard entry per SOP-01,6.74
2025-12-05 00:41:17,analyst_b,UPDATE,RESULTS,Analyst,RES-51413,Standard entry per SOP-01,7.27
2025-12-05 00:50:38,analyst_c,UPDATE,RESULTS,Analyst,RES-89500,Standard entry per SOP-01,7.14
2025-12-05 01:12:03,analyst_e,UPDATE,RESULTS,Analyst,RES-78358,Standard entry per SOP-01,7.5
2025-12-05 03:36:02,analyst_e,UPDATE,RESULTS,Analyst,RES-70836,Standard entry per SOP-01,6.63
2025-12-05 07:05:43,analyst_b,UPDATE,RESULTS,Analyst,RES-66215,Standard entry per SOP-01,6.73
2025-12-05 08:58:39,analyst_a,UPDATE,RESULTS,Analyst,RES-13506,Standard entry per SOP-01,6.73
2025-12-05 18:17:28,analyst_d,UPDATE,RESULTS,Analyst,RES-42566,Standard entry per SOP-01,7.09
2025-12-05 21:21:14,analyst_e,UPDATE,RESULTS,Analyst,RES-83890,Standard entry per SOP-01,7.12
2025-12-05 22:30:08,analyst_a,UPDATE,RESULTS,Analyst,RES-46337,Standard entry per SOP-01,6.52
2025-12-05 22:55:19,analyst_a,UPDATE,RESULTS,Analyst,RES-38021,Standard entry per SOP-01,7.14
2025-12-05 23:42:27,analyst_e,UPDATE,RESULTS,Analyst,RES-68170,Standard entry per SOP-01,7.37
2025-12-06 00:25:30,analyst_b,UPDATE,RESULTS,Analyst,RES-37809,Standard entry per SOP-01,7.42
2025-12-06 00:56:10,analyst_e,UPDATE,RESULTS,Analyst,RES-57215,Standard entry per SOP-01,6.58
2025-12-06 01:48:24,analyst_d,UPDATE,RESULTS,Analyst,RES-32018,Standard entry per SOP-01,6.81
2025-12-06 05:09:10,analyst_c,UPDATE,RESULTS,Analyst,RES-28222,Standard entry per SOP-01,7.45
2025-12-06 06:58:24,analyst_e,UPDATE,RESULTS,Analyst,RES-54313,Standard entry per SOP-01,7.45
2025-12-06 10:29:49,analyst_a,UPDATE,RESULTS,Analyst,RES-99129,Standard entry per SOP-01,7.47
2025-12-06 13:08:34,analyst_c,UPDATE,RESULTS,Analyst,RES-97565,Standard entry per SOP-01,7.26
2025-12-06 13:41:09,analyst_d,UPDATE,RESULTS,Analyst,RES-52959,Standard entry per SOP-01,7.38
2025-12-06 13:52:27,analyst_b,UPDATE,RESULTS,Analyst,RES-98983,Standard entry per SOP-01,6.57
2025-12-06 13:57:31,analyst_c,UPDATE,RESULTS,Analyst,RES-37356,Standard entry per SOP-01,7.14
2025-12-06 14:36:39,analyst_e,UPDATE,RESULTS,Analyst,RES-32547,Standard entry per SOP-01,6.58
2025-12-06 16:41:02,analyst_e,UPDATE,RESULTS,Analyst,RES-57423,Standard entry per SOP-01,7.19
2025-12-06 16:54:52,analyst_e,UPDATE,RESULTS,Analyst,RES-13151,Standard entry per SOP-01,6.55
2025-12-06 19:31:11,analyst_e,UPDATE,RESULTS,Analyst,RES-36556,Standard entry per SOP-01,7.31
2025-12-06 20:57:41,analyst_c,UPDATE,RESULTS,Analyst,RES-62607,Standard entry per SOP-01,6.65
2025-12-06 23:08:55,analyst_b,UPDATE,RESULTS,Analyst,RES-43479,Standard entry per SOP-01,7.38
2025-12-07 02:30:41,analyst_b,UPDATE,RESULTS,Analyst,RES-22041,Standard entry per SOP-01,6.87
2025-12-07 07:39:47,analyst_d,UPDATE,RESULTS,Analyst,RES-85660,Standard entry per SOP-01,7.08
2025-12-07 10:50:09,analyst_e,UPDATE,RESULTS,Analyst,RES-54657,Standard entry per SOP-01,6.57
2025-12-07 15:17:40,analyst_c,UPDATE,RESULTS,Analyst,RES-82341,Standard entry per SOP-01,6.62
2025-12-07 15:42:09,analyst_c,UPDATE,RESULTS,Analyst,RES-51295,Standard entry per SOP-01,6.96
2025-12-07 21:31:28,analyst_b,UPDATE,RESULTS,Analyst,RES-38774,Standard entry per SOP-01,7.06
2025-12-08 00:29:12,analyst_d,UPDATE,RESULTS,Analyst,RES-99713,Standard entry per SOP-01,7.13
2025-12-08 05:01:24,analyst_d,UPDATE,RESULTS,Analyst,RES-67234,Standard entry per SOP-01,6.69
2025-12-08 08:21:56,analyst_c,UPDATE,RESULTS,Analyst,RES-40146,Standard entry per SOP-01,6.81
2025-12-08 08:55:19,analyst_c,UPDATE,RESULTS,Analyst,RES-56523,Standard entry per SOP-01,7.33
2025-12-08 09:54:30,analyst_c,UPDATE,RESULTS,Analyst,RES-88508,Standard entry per SOP-01,7.21
2025-12-08 12:03:57,analyst_e,UPDATE,RESULTS,Analyst,RES-65461,Standard entry per SOP-01,6.57
2025-12-08 13:17:01,analyst_d,UPDATE,RESULTS,Analyst,RES-61791,Standard entry per SOP-01,7.41
2025-12-08 13:33:39,analyst_d,UPDATE,RESULTS,Analyst,RES-95648,Standard entry per SOP-01,7.22
2025-12-08 16:14:37,analyst_b,UPDATE,RESULTS,Analyst,RES-79716,Standard entry per SOP-01,7.22
2025-12-09 11:18:32,analyst_e,UPDATE,RESULTS,Analyst,RES-69270,Standard entry per SOP-01,6.51
2025-12-09 13:53:28,analyst_d,UPDATE,RESULTS,Analyst,RES-14926,Standard entry per SOP-01,7.36
2025-12-09 15:03:38,analyst_c,UPDATE,RESULTS,Analyst,RES-42955,Standard entry per SOP-01,6.69
2025-12-09 15:50:11,analyst_a,UPDATE,RESULTS,Analyst,RES-73979,Standard entry per SOP-01,7.09
2025-12-09 18:26:33,analyst_c,UPDATE,RESULTS,Analyst,RES-33544,Standard entry per SOP-01,7.36
2025-12-09 19:21:52,analyst_c,UPDATE,RESULTS,Analyst,RES-38710,Standard entry per SOP-01,7.17
2025-12-09 19:22:32,analyst_e,UPDATE,RESULTS,Analyst,RES-11267,Standard entry per SOP-01,7.36
2025-12-09 19:25:36,analyst_a,UPDATE,RESULTS,Analyst,RES-70409,Standard entry per SOP-01,6.55
2025-12-09 20:44:06,analyst_d,UPDATE,RESULTS,Analyst,RES-60445,Standard entry per SOP-01,6.9
2025-12-10 00:18:19,analyst_c,UPDATE,RESULTS,Analyst,RES-87288,Standard entry per SOP-01,6.58
2025-12-10 07:05:47,analyst_c,UPDATE,RESULTS,Analyst,RES-24776,Standard entry per SOP-01,6.51
2025-12-10 09:59:18,analyst_b,UPDATE,RESULTS,Analyst,RES-71554,Standard entry per SOP-01,7.45
2025-12-10 11:29:23,analyst_c,UPDATE,RESULTS,Analyst,RES-54056,Standard entry per SOP-01,7.43
2025-12-10 12:55:55,analyst_c,UPDATE,RESULTS,Analyst,RES-61712,Standard entry per SOP-01,6.67
2025-12-10 14:05:45,analyst_d,UPDATE,RESULTS,Analyst,RES-81932,Standard entry per SOP-01,6.67
2025-12-10 15:33:37,analyst_c,UPDATE,RESULTS,Analyst,RES-71279,Standard entry per SOP-01,6.68
2025-12-10 18:18:49,analyst_b,UPDATE,RESULTS,Analyst,RES-56412,Standard entry per SOP-01,7.39
2025-12-10 22:55:56,analyst_a,UPDATE,RESULTS,Analyst,RES-28412,Standard entry per SOP-01,7.02
2025-12-11 01:41:28,analyst_c,UPDATE,RESULTS,Analyst,RES-86213,Standard entry per SOP-01,7.39
2025-12-11 02:19:38,analyst_e,UPDATE,RESULTS,Analyst,RES-44991,Standard entry per SOP-01,7.12
2025-12-11 06:22:28,analyst_e,UPDATE,RESULTS,Analyst,RES-75944,Standard entry per SOP-01,7.0
2025-12-11 09:57:20,analyst_d,UPDATE,RESULTS,Analyst,RES-58636,Standard entry per SOP-01,7.36
2025-12-11 11:04:05,analyst_c,UPDATE,RESULTS,Analyst,RES-34497,Standard entry per SOP-01,7.21
2025-12-11 11:53:34,analyst_e,UPDATE,RESULTS,Analyst,RES-61020,Standard entry per SOP-01,6.61
2025-12-11 12:53:27,analyst_c,UPDATE,RESULTS,Analyst,RES-94520,Standard entry per SOP-01,6.67
2025-12-11 13:20:49,analyst_d,UPDATE,RESULTS,Analyst,RES-95146,Standard entry per SOP-01,7.08
2025-12-11 14:14:51,analyst_c,UPDATE,RESULTS,Analyst,RES-93985,Standard entry per SOP-01,6.64
2025-12-11 14:43:04,analyst_a,UPDATE,RESULTS,Analyst,RES-45939,Standard entry per SOP-01,6.68
2025-12-11 18:36:34,analyst_e,UPDATE,RESULTS,Analyst,RES-63724,Standard entry per SOP-01,7.43
2025-12-11 20:26:36,analyst_c,UPDATE,RESULTS,Analyst,RES-84833,Standard entry per SOP-01,6.7
2025-12-11 20:40:30,analyst_b,UPDATE,RESULTS,Analyst,RES-19990,Standard entry per SOP-01,6.53
2025-12-11 23:07:29,analyst_b,UPDATE,RESULTS,Analyst,RES-45108,Standard entry per SOP-01,6.97
2025-12-11 23:08:06,analyst_b,UPDATE,RESULTS,Analyst,RES-11183,Standard entry per SOP-01,6.69
2025-12-12 00:54:58,analyst_e,UPDATE,RESULTS,Analyst,RES-63927,Standard entry per SOP-01,7.24
2025-12-12 03:43:07,analyst_c,UPDATE,RESULTS,Analyst,RES-71437,Standard entry per SOP-01,6.53
2025-12-12 06:44:29,analyst_e,UPDATE,RESULTS,Analyst,RES-48068,Standard entry per SOP-01,6.92
2025-12-12 07:27:23,analyst_a,UPDATE,RESULTS,Analyst,RES-93321,Standard entry per SOP-01,6.57
2025-12-12 10:47:41,analyst_e,UPDATE,RESULTS,Analyst,RES-78390,Standard entry per SOP-01,7.46
2025-12-12 18:30:24,analyst_e,UPDATE,RESULTS,Analyst,RES-48947,Standard entry per SOP-01,6.75
2025-12-12 19:33:42,analyst_e,UPDATE,RESULTS,Analyst,RES-24528,Standard entry per SOP-01,7.27
2025-12-12 23:51:32,analyst_a,UPDATE,RESULTS,Analyst,RES-70675,Standard entry per SOP-01,6.88
2025-12-12 23:54:12,analyst_d,UPDATE,RESULTS,Analyst,RES-58816,Standard entry per SOP-01,7.32
2025-12-13 01:20:25,analyst_d,UPDATE,RESULTS,Analyst,RES-76224,Standard entry per SOP-01,7.38
2025-12-13 01:38:56,analyst_c,UPDATE,RESULTS,Analyst,RES-55504,Standard entry per SOP-01,6.68
2025-12-13 02:45:55,analyst_c,UPDATE,RESULTS,Analyst,RES-53944,Standard entry per SOP-01,7.2
2025-12-13 03:01:24,analyst_a,UPDATE,RESULTS,Analyst,RES-78478,Standard entry per SOP-01,7.08
2025-12-13 03:49:58,analyst_d,UPDATE,RESULTS,Analyst,RES-89797,Standard entry per SOP-01,7.0
2025-12-13 09:49:58,analyst_e,UPDATE,RESULTS,Analyst,RES-50678,Standard entry per SOP-01,6.99
2025-12-13 10:18:03,analyst_a,UPDATE,RESULTS,Analyst,RES-77459,Standard entry per SOP-01,6.87
2025-12-13 10:19:46,analyst_c,UPDATE,RESULTS,Analyst,RES-89351,Standard entry per SOP-01,6.51
2025-12-13 10:58:59,analyst_b,UPDATE,RESULTS,Analyst,RES-18875,Standard entry per SOP-01,6.76
2025-12-14 00:51:30,analyst_a,UPDATE,RESULTS,Analyst,RES-33241,Standard entry per SOP-01,6.5
2025-12-14 02:21:30,analyst_c,UPDATE,RESULTS,Analyst,RES-80164,Standard entry per SOP-01,7.47
2025-12-14 03:01:21,analyst_a,UPDATE,RESULTS,Analyst,RES-17498,Standard entry per SOP-01,7.19
2025-12-14 03:44:52,analyst_e,UPDATE,RESULTS,Analyst,RES-53365,Standard entry per SOP-01,6.54
2025-12-14 07:35:17,analyst_c,UPDATE,RESULTS,Analyst,RES-16027,Standard entry per SOP-01,7.18
2025-12-14 09:56:51,analyst_c,UPDATE,RESULTS,Analyst,RES-15299,Standard entry per SOP-01,6.78
2025-12-14 11:43:21,analyst_b,UPDATE,RESULTS,Analyst,RES-86484,Standard entry per SOP-01,6.68
2025-12-14 13:37:26,analyst_a,UPDATE,RESULTS,Analyst,RES-87810,Standard entry per SOP-01,7.05
2025-12-14 14:12:41,analyst_c,UPDATE,RESULTS,Analyst,RES-59619,Standard entry per SOP-01,6.74
2025-12-14 22:39:25,analyst_e,UPDATE,RESULTS,Analyst,RES-26716,Standard entry per SOP-01,7.11
2025-12-15 00:17:30,analyst_a,UPDATE,RESULTS,Analyst,RES-33308,Standard entry per SOP-01,6.58
2025-12-15 00:37:20,analyst_c,UPDATE,RESULTS,Analyst,RES-67379,Standard entry per SOP-01,6.58
2025-12-15 02:14:54,analyst_c,UPDATE,RESULTS,Analyst,RES-70128,Standard entry per SOP-01,7.4
2025-12-15 03:03:45,analyst_c,UPDATE,RESULTS,Analyst,RES-24202,Standard entry per SOP-01,6.89
2025-12-15 05:26:59,analyst_a,UPDATE,RESULTS,Analyst,RES-52335,Standard entry per SOP-01,7.21
2025-12-15 10:41:44,analyst_d,UPDATE,RESULTS,Analyst,RES-81995,Standard entry per SOP-01,7.15
2025-12-15 13:00:52,analyst_b,UPDATE,RESULTS,Analyst,RES-52912,Standard entry per SOP-01,6.95
2025-12-15 14:14:31,analyst_a,UPDATE,RESULTS,Analyst,RES-40268,Standard entry per SOP-01,6.74
2025-12-15 16:51:52,analyst_a,UPDATE,RESULTS,Analyst,RES-32365,Standard entry per SOP-01,6.67
2025-12-15 18:22:00,analyst_b,UPDATE,RESULTS,Analyst,RES-11314,Standard entry per SOP-01,7.49
2025-12-15 18:31:48,analyst_c,UPDATE,RESULTS,Analyst,RES-70009,Standard entry per SOP-01,7.16
2025-12-15 19:45:45,analyst_b,UPDATE,RESULTS,Analyst,RES-43202,Standard entry per SOP-01,7.14
2025-12-16 03:06:44,analyst_d,UPDATE,RESULTS,Analyst,RES-68868,Standard entry per SOP-01,6.76
2025-12-16 03:58:18,analyst_a,UPDATE,RESULTS,Analyst,RES-53731,Standard entry per SOP-01,7.42
2025-12-16 06:10:50,analyst_c,UPDATE,RESULTS,Analyst,RES-17341,Standard entry per SOP-01,6.95
2025-12-16 06:18:07,analyst_a,UPDATE,RESULTS,Analyst,RES-11874,Standard entry per SOP-01,6.96
2025-12-16 08:22:14,analyst_e,UPDATE,RESULTS,Analyst,RES-33387,Standard entry per SOP-01,7.49
2025-12-16 09:29:02,analyst_d,UPDATE,RESULTS,Analyst,RES-15182,Standard entry per SOP-01,7.49
2025-12-16 11:15:34,analyst_d,UPDATE,RESULTS,Analyst,RES-61889,Standard entry per SOP-01,7.07
2025-12-16 13:01:04,analyst_c,UPDATE,RESULTS,Analyst,RES-27237,Standard entry per SOP-01,6.86
2025-12-16 14:23:33,analyst_d,UPDATE,RESULTS,Analyst,RES-79253,Standard entry per SOP-01,6.79
2025-12-16 15:48:28,analyst_e,UPDATE,RESULTS,Analyst,RES-13873,Standard entry per SOP-01,6.7
2025-12-16 16:48:00,analyst_b,UPDATE,RESULTS,Analyst,RES-74744,Standard entry per SOP-01,7.47
2025-12-16 17:00:19,analyst_c,UPDATE,RESULTS,Analyst,RES-38387,Standard entry per SOP-01,7.37
2025-12-16 18:14:22,analyst_b,UPDATE,RESULTS,Analyst,RES-36803,Standard entry per SOP-01,6.76
2025-12-16 20:07:05,analyst_b,UPDATE,RESULTS,Analyst,RES-84800,Standard entry per SOP-01,7.03
2025-12-16 21:21:21,analyst_b,UPDATE,RESULTS,Analyst,RES-20171,Standard entry per SOP-01,7.11
2025-12-16 22:45:12,analyst_b,UPDATE,RESULTS,Analyst,RES-34080,Standard entry per SOP-01,7.26
2025-12-16 23:55:57,analyst_d,UPDATE,RESULTS,Analyst,RES-91655,Standard entry per SOP-01,7.21
2025-12-17 00:04:43,analyst_e,UPDATE,RESULTS,Analyst,RES-93915,Standard entry per SOP-01,6.55
2025-12-17 00:09:13,analyst_e,UPDATE,RESULTS,Analyst,RES-27672,Standard entry per SOP-01,6.94
2025-12-17 00:21:34,analyst_b,UPDATE,RESULTS,Analyst,RES-95367,Standard entry per SOP-01,7.05
2025-12-17 11:06:26,analyst_d,UPDATE,RESULTS,Analyst,RES-59009,Standard entry per SOP-01,6.73
2025-12-17 11:50:25,analyst_e,UPDATE,RESULTS,Analyst,RES-99895,Standard entry per SOP-01,6.61
2025-12-17 13:34:42,analyst_c,UPDATE,RESULTS,Analyst,RES-30278,Standard entry per SOP-01,6.83
2025-12-17 14:28:49,analyst_e,UPDATE,RESULTS,Analyst,RES-26334,Standard entry per SOP-01,6.75
2025-12-17 15:55:32,analyst_e,UPDATE,RESULTS,Analyst,RES-50414,Standard entry per SOP-01,7.27
2025-12-17 16:06:48,analyst_c,UPDATE,RESULTS,Analyst,RES-10814,Standard entry per SOP-01,7.24
2025-12-17 18:23:54,analyst_e,UPDATE,RESULTS,Analyst,RES-44451,Standard entry per SOP-01,7.17
2025-12-17 19:05:24,analyst_a,UPDATE,RESULTS,Analyst,RES-65861,Standard entry per SOP-01,6.54
2025-12-17 20:06:51,analyst_e,UPDATE,RESULTS,Analyst,RES-47218,Standard entry per SOP-01,6.64
2025-12-17 20:19:52,analyst_e,UPDATE,RESULTS,Analyst,RES-68596,Standard entry per SOP-01,6.87
2025-12-17 22:25:45,analyst_d,UPDATE,RESULTS,Analyst,RES-13619,Standard entry per SOP-01,7.24
2025-12-18 00:07:00,analyst_d,UPDATE,RESULTS,Analyst,RES-93587,Standard entry per SOP-01,6.72
2025-12-18 04:23:37,analyst_d,UPDATE,RESULTS,Analyst,RES-98718,Standard entry per SOP-01,7.15
2025-12-18 05:48:05,analyst_d,UPDATE,RESULTS,Analyst,RES-51438,Standard entry per SOP-01,6.55
2025-12-18 06:16:05,analyst_d,UPDATE,RESULTS,Analyst,RES-48799,Standard entry per SOP-01,6.53
2025-12-18 06:38:45,analyst_c,UPDATE,RESULTS,Analyst,RES-37248,Standard entry per SOP-01,7.0
2025-12-18 11:54:47,analyst_a,UPDATE,RESULTS,Analyst,RES-94567,Standard entry per SOP-01,7.24
2025-12-18 15:12:13,analyst_e,UPDATE,RESULTS,Analyst,RES-57363,Standard entry per SOP-01,6.55
2025-12-18 17:21:14,analyst_e,UPDATE,RESULTS,Analyst,RES-87674,Standard entry per SOP-01,7.17
2025-12-18 18:13:38,analyst_e,UPDATE,RESULTS,Analyst,RES-37899,Standard entry per SOP-01,6.91
2025-12-18 19:47:10,analyst_c,UPDATE,RESULTS,Analyst,RES-85864,Standard entry per SOP-01,6.86
2025-12-18 20:05:21,analyst_d,UPDATE,RESULTS,Analyst,RES-84283,Standard entry per SOP-01,6.94
2025-12-18 21:18:14,analyst_c,UPDATE,RESULTS,Analyst,RES-37523,Standard entry per SOP-01,6.88
2025-12-18 22:06:01,analyst_c,UPDATE,RESULTS,Analyst,RES-91353,Standard entry per SOP-01,7.41
2025-12-18 23:41:29,analyst_d,UPDATE,RESULTS,Analyst,RES-72139,Standard entry per SOP-01,6.88
2025-12-19 00:55:27,analyst_c,UPDATE,RESULTS,Analyst,RES-56828,Standard entry per SOP-01,7.19
2025-12-19 01:37:56,analyst_e,UPDATE,RESULTS,Analyst,RES-74624,Standard entry per SOP-01,7.47
2025-12-19 01:46:57,analyst_e,UPDATE,RESULTS,Analyst,RES-25223,Standard entry per SOP-01,7.14
2025-12-19 02:11:48,analyst_b,UPDATE,RESULTS,Analyst,RES-73942,Standard entry per SOP-01,6.75
2025-12-19 04:16:28,analyst_c,UPDATE,RESULTS,Analyst,RES-64666,Standard entry per SOP-01,7.19
2025-12-19 04:27:50,analyst_c,UPDATE,RESULTS,Analyst,RES-22700,Standard entry per SOP-01,7.01
2025-12-19 08:11:10,analyst_b,UPDATE,RESULTS,Analyst,RES-26078,Standard entry per SOP-01,6.81
2025-12-19 12:12:37,analyst_b,UPDATE,RESULTS,Analyst,RES-54696,Standard entry per SOP-01,7.2
2025-12-19 16:10:48,analyst_a,UPDATE,RESULTS,Analyst,RES-65886,Standard entry per SOP-01,7.18
2025-12-19 16:35:24,analyst_e,UPDATE,RESULTS,Analyst,RES-94058,Standard entry per SOP-01,7.03
2025-12-19 19:52:00,analyst_a,UPDATE,RESULTS,Analyst,RES-37737,Standard entry per SOP-01,7.36
2025-12-19 20:07:43,analyst_a,UPDATE,RESULTS,Analyst,RES-53802,Standard entry per SOP-01,6.8
2025-12-20 02:05:26,analyst_c,UPDATE,RESULTS,Analyst,RES-25688,Standard entry per SOP-01,6.54
2025-12-20 08:30:49,analyst_c,UPDATE,RESULTS,Analyst,RES-24478,Standard entry per SOP-01,7.23
2025-12-20 15:16:21,analyst_b,UPDATE,RESULTS,Analyst,RES-54785,Standard entry per SOP-01,7.21
2025-12-20 18:16:21,analyst_b,UPDATE,RESULTS,Analyst,RES-61111,Standard entry per SOP-01,6.94
2025-12-20 19:05:45,analyst_c,UPDATE,RESULTS,Analyst,RES-52380,Standard entry per SOP-01,6.78
2025-12-20 19:14:41,analyst_e,UPDATE,RESULTS,Analyst,RES-19158,Standard entry per SOP-01,7.33
2025-12-20 20:00:19,analyst_b,UPDATE,RESULTS,Analyst,RES-14691,Standard entry per SOP-01,7.38
2025-12-20 22:36:49,analyst_b,UPDATE,RESULTS,Analyst,RES-97586,Standard entry per SOP-01,7.47
2025-12-20 23:14:58,analyst_c,UPDATE,RESULTS,Analyst,RES-79848,Standard entry per SOP-01,6.81
2025-12-21 09:06:38,analyst_c,UPDATE,RESULTS,Analyst,RES-18591,Standard entry per SOP-01,7.17
2025-12-21 13:35:32,analyst_d,UPDATE,RESULTS,Analyst,RES-96429,Standard entry per SOP-01,6.92
2025-12-21 15:31:29,analyst_c,UPDATE,RESULTS,Analyst,RES-71221,Standard entry per SOP-01,6.52
2025-12-21 22:38:45,analyst_d,UPDATE,RESULTS,Analyst,RES-58958,Standard entry per SOP-01,7.34
2025-12-22 12:29:39,analyst_c,UPDATE,RESULTS,Analyst,RES-79415,Standard entry per SOP-01,6.74
2025-12-22 12:37:21,analyst_b,UPDATE,RESULTS,Analyst,RES-23821,Standard entry per SOP-01,7.48
2025-12-22 13:17:20,analyst_b,UPDATE,RESULTS,Analyst,RES-37618,Standard entry per SOP-01,7.31
2025-12-22 15:01:00,analyst_c,UPDATE,RESULTS,Analyst,RES-51233,Standard entry per SOP-01,6.71
2025-12-22 17:32:14,analyst_b,UPDATE,RESULTS,Analyst,RES-72953,Standard entry per SOP-01,7.09
2025-12-22 20:48:14,analyst_c,UPDATE,RESULTS,Analyst,RES-13989,Standard entry per SOP-01,6.75
2025-12-22 23:20:59,analyst_e,UPDATE,RESULTS,Analyst,RES-64938,Standard entry per SOP-01,6.71
2025-12-23 04:05:26,analyst_d,UPDATE,RESULTS,Analyst,RES-38502,Standard entry per SOP-01,6.57
2025-12-23 07:32:07,analyst_d,UPDATE,RESULTS,Analyst,RES-87726,Standard entry per SOP-01,6.97
2025-12-23 08:01:00,analyst_e,UPDATE,RESULTS,Analyst,RES-47556,Standard entry per SOP-01,6.61
2025-12-23 11:15:54,analyst_c,UPDATE,RESULTS,Analyst,RES-43198,Standard entry per SOP-01,7.31
2025-12-23 12:03:55,analyst_e,UPDATE,RESULTS,Analyst,RES-39731,Standard entry per SOP-01,7.14
2025-12-23 13:01:58,analyst_d,UPDATE,RESULTS,Analyst,RES-94592,Standard entry per SOP-01,7.46
2025-12-23 13:37:17,analyst_c,UPDATE,RESULTS,Analyst,RES-98440,Standard entry per SOP-01,6.94
2025-12-23 16:19:25,analyst_a,UPDATE,RESULTS,Analyst,RES-37475,Standard entry per SOP-01,7.16
2025-12-23 17:49:24,analyst_e,UPDATE,RESULTS,Analyst,RES-55734,Standard entry per SOP-01,7.29
2025-12-24 00:20:36,analyst_a,UPDATE,RESULTS,Analyst,RES-36824,Standard entry per SOP-01,6.87
2025-12-24 08:47:21,analyst_a,UPDATE,RESULTS,Analyst,RES-31499,Standard entry per SOP-01,6.59
2025-12-24 12:15:34,analyst_b,UPDATE,RESULTS,Analyst,RES-33324,Standard entry per SOP-01,6.77
2025-12-24 12:26:09,analyst_a,UPDATE,RESULTS,Analyst,RES-10379,Standard entry per SOP-01,7.08
2025-12-24 20:09:26,analyst_e,UPDATE,RESULTS,Analyst,RES-32232,Standard entry per SOP-01,7.05
2025-12-24 23:27:13,analyst_d,UPDATE,RESULTS,Analyst,RES-64550,Standard entry per SOP-01,6.9
2025-12-25 02:10:06,analyst_b,UPDATE,RESULTS,Analyst,RES-56174,Standard entry per SOP-01,7.4
2025-12-25 02:45:38,analyst_b,UPDATE,RESULTS,Analyst,RES-30964,Standard entry per SOP-01,7.43
2025-12-25 04:02:37,analyst_e,UPDATE,RESULTS,Analyst,RES-97357,Standard entry per SOP-01,7.29
2025-12-25 05:14:57,analyst_a,UPDATE,RESULTS,Analyst,RES-27185,Standard entry per SOP-01,7.15
2025-12-25 05:28:27,analyst_e,UPDATE,RESULTS,Analyst,RES-32390,Standard entry per SOP-01,7.39
2025-12-25 06:42:17,analyst_e,UPDATE,RESULTS,Analyst,RES-87317,Standard entry per SOP-01,7.07
2025-12-25 08:52:21,analyst_e,UPDATE,RESULTS,Analyst,RES-64534,Standard entry per SOP-01,7.14
2025-12-25 12:46:01,analyst_b,UPDATE,RESULTS,Analyst,RES-18370,Standard entry per SOP-01,7.02
2025-12-25 16:25:11,analyst_d,UPDATE,RESULTS,Analyst,RES-37763,Standard entry per SOP-01,6.86
2025-12-26 02:36:47,analyst_b,UPDATE,RESULTS,Analyst,RES-35553,Standard entry per SOP-01,6.86
2025-12-26 04:32:41,analyst_a,UPDATE,RESULTS,Analyst,RES-50714,Standard entry per SOP-01,7.05
2025-12-26 06:30:15,analyst_a,UPDATE,RESULTS,Analyst,RES-44638,Standard entry per SOP-01,7.25
2025-12-26 08:07:28,analyst_c,UPDATE,RESULTS,Analyst,RES-99808,Standard entry per SOP-01,7.42
2025-12-26 08:22:10,analyst_d,UPDATE,RESULTS,Analyst,RES-47686,Standard entry per SOP-01,7.14
2025-12-26 18:24:08,analyst_e,UPDATE,RESULTS,Analyst,RES-77645,Standard entry per SOP-01,7.22
2025-12-26 19:05:50,analyst_b,UPDATE,RESULTS,Analyst,RES-18033,Standard entry per SOP-01,6.64
2025-12-26 19:14:59,analyst_c,UPDATE,RESULTS,Analyst,RES-78409,Standard entry per SOP-01,6.89
2025-12-26 19:44:50,analyst_a,UPDATE,RESULTS,Analyst,RES-98401,Standard entry per SOP-01,6.74
2025-12-26 21:23:39,analyst_a,UPDATE,RESULTS,Analyst,RES-61174,Standard entry per SOP-01,7.13
2025-12-26 21:47:06,analyst_a,UPDATE,RESULTS,Analyst,RES-78876,Standard entry per SOP-01,6.65
2025-12-26 22:24:45,analyst_b,UPDATE,RESULTS,Analyst,RES-60246,Standard entry per SOP-01,7.03
2025-12-26 23:06:33,analyst_d,UPDATE,RESULTS,Analyst,RES-73805,Standard entry per SOP-01,7.36
2025-12-27 00:43:38,analyst_d,UPDATE,RESULTS,Analyst,RES-86242,Standard entry per SOP-01,6.8
2025-12-27 03:17:54,analyst_b,UPDATE,RESULTS,Analyst,RES-23874,Standard entry per SOP-01,7.26
2025-12-27 09:00:02,analyst_e,UPDATE,RESULTS,Analyst,RES-28292,Standard entry per SOP-01,7.26
2025-12-27 10:22:52,analyst_c,UPDATE,RESULTS,Analyst,RES-50064,Standard entry per SOP-01,7.1
2025-12-27 13:31:08,analyst_c,UPDATE,RESULTS,Analyst,RES-19591,Standard entry per SOP-01,7.32
2025-12-27 14:05:24,analyst_a,UPDATE,RESULTS,Analyst,RES-86607,Standard entry per SOP-01,7.36
2025-12-27 14:12:41,analyst_e,UPDATE,RESULTS,Analyst,RES-94751,Standard entry per SOP-01,6.8
2025-12-27 14:42:47,analyst_c,UPDATE,RESULTS,Analyst,RES-84231,Standard entry per SOP-01,6.78
2025-12-27 18:35:10,analyst_e,UPDATE,RESULTS,Analyst,RES-11801,Standard entry per SOP-01,6.51
2025-12-27 21:38:01,analyst_b,UPDATE,RESULTS,Analyst,RES-31950,Standard entry per SOP-01,7.39
2025-12-27 21:47:09,analyst_a,UPDATE,RESULTS,Analyst,RES-79386,Standard entry per SOP-01,6.83
2025-12-27 22:13:25,analyst_b,UPDATE,RESULTS,Analyst,RES-28437,Standard entry per SOP-01,6.74
2025-12-27 23:23:51,analyst_a,UPDATE,RESULTS,Analyst,RES-43359,Standard entry per SOP-01,6.55
2025-12-28 02:16:31,analyst_c,UPDATE,RESULTS,Analyst,RES-45364,Standard entry per SOP-01,6.62
2025-12-28 02:25:48,analyst_e,UPDATE,RESULTS,Analyst,RES-91044,Standard entry per SOP-01,7.03
2025-12-28 07:55:38,analyst_c,UPDATE,RESULTS,Analyst,RES-16907,Standard entry per SOP-01,6.69
2025-12-28 09:35:30,analyst_e,UPDATE,RESULTS,Analyst,RES-45433,Standard entry per SOP-01,7.0
2025-12-28 15:46:58,analyst_a,UPDATE,RESULTS,Analyst,RES-50975,Standard entry per SOP-01,6.78
2025-12-28 17:27:55,analyst_e,UPDATE,RESULTS,Analyst,RES-66626,Standard entry per SOP-01,7.47
2025-12-28 18:18:05,analyst_b,UPDATE,RESULTS,Analyst,RES-72363,Standard entry per SOP-01,6.89
2025-12-28 22:26:19,analyst_b,UPDATE,RESULTS,Analyst,RES-34688,Standard entry per SOP-01,7.04
2025-12-28 22:43:52,analyst_d,UPDATE,RESULTS,Analyst,RES-26896,Standard entry per SOP-01,6.76
2025-12-29 03:58:28,analyst_b,UPDATE,RESULTS,Analyst,RES-38695,Standard entry per SOP-01,6.95
2025-12-29 04:00:50,analyst_e,UPDATE,RESULTS,Analyst,RES-87788,Standard entry per SOP-01,7.18
2025-12-29 05:19:45,analyst_a,UPDATE,RESULTS,Analyst,RES-88710,Standard entry per SOP-01,6.61
2025-12-29 07:57:19,analyst_a,UPDATE,RESULTS,Analyst,RES-47725,Standard entry per SOP-01,7.3
2025-12-29 10:25:47,analyst_e,UPDATE,RESULTS,Analyst,RES-71320,Standard entry per SOP-01,7.04
2025-12-29 14:46:56,analyst_d,UPDATE,RESULTS,Analyst,RES-54086,Standard entry per SOP-01,7.16
2025-12-29 15:43:59,analyst_b,UPDATE,RESULTS,Analyst,RES-52863,Standard entry per SOP-01,7.44
2025-12-29 16:17:11,analyst_d,UPDATE,RESULTS,Analyst,RES-19315,Standard entry per SOP-01,6.86
2025-12-29 22:26:25,analyst_c,UPDATE,RESULTS,Analyst,RES-42354,Standard entry per SOP-01,7.49
2025-12-29 23:04:22,analyst_b,UPDATE,RESULTS,Analyst,RES-19254,Standard entry per SOP-01,6.99
2025-12-30 01:52:56,analyst_e,UPDATE,RESULTS,Analyst,RES-22520,Standard entry per SOP-01,7.01
2025-12-30 04:52:56,analyst_e,UPDATE,RESULTS,Analyst,RES-70533,Standard entry per SOP-01,6.96
2025-12-30 04:52:57,analyst_c,UPDATE,RESULTS,Analyst,RES-89268,Standard entry per SOP-01,7.37
2025-12-30 08:20:02,analyst_d,UPDATE,RESULTS,Analyst,RES-20102,Standard entry per SOP-01,7.11
2025-12-30 09:58:33,analyst_d,UPDATE,RESULTS,Analyst,RES-74273,Standard entry per SOP-01,6.98
2025-12-30 11:11:36,analyst_c,UPDATE,RESULTS,Analyst,RES-13102,Standard entry per SOP-01,6.66
2025-12-30 11:18:53,analyst_d,UPDATE,RESULTS,Analyst,RES-53346,Standard entry per SOP-01,6.78
2025-12-30 13:28:36,analyst_a,UPDATE,RESULTS,Analyst,RES-16170,Standard entry per SOP-01,6.94
2025-12-30 14:05:48,analyst_b,UPDATE,RESULTS,Analyst,RES-60377,Standard entry per SOP-01,6.69
2025-12-30 16:34:42,analyst_a,UPDATE,RESULTS,Analyst,RES-26434,Standard entry per SOP-01,6.65
2025-12-30 19:22:34,analyst_c,UPDATE,RESULTS,Analyst,RES-84418,Standard entry per SOP-01,6.89
2025-12-30 20:22:15,analyst_d,UPDATE,RESULTS,Analyst,RES-50224,Standard entry per SOP-01,6.71
2025-12-30 21:58:34,analyst_c,UPDATE,RESULTS,Analyst,RES-55408,Standard entry per SOP-01,6.95
2025-12-30 23:55:40,analyst_d,UPDATE,RESULTS,Analyst,RES-69995,Standard entry per SOP-01,7.14
